cell,UMAP1,UMAP2,Exhaustion,Stemness,Terminality,Cytotoxicity,Proliferation,ChromatinFixation
ref_00000,-3.5065,-2.3564,0.1044,0.8952,0.0838,0.2117,0.2607,0.1403
ref_00001,-4.029,-2.8108,0.0983,0.9602,0.0994,0.105,0.2046,0.0823
ref_00002,-3.8487,-2.0685,0.0998,0.9231,0.1362,0.16,0.1677,0.1218
ref_00003,-4.0447,-3.0191,0.0705,0.8871,0.0558,0.0676,0.1754,0.1143
ref_00004,-3.3214,-1.9601,0.1163,0.9264,0.0701,0.1521,0.2596,0.1082
ref_00005,-3.9041,-1.8444,0.1277,0.9167,0.1278,0.1995,0.2606,0.1283
ref_00006,-3.9199,-2.9226,0.0773,0.9177,0.1101,0.117,0.1946,0.1231
ref_00007,-3.9424,-2.9674,0.0851,0.929,0.0769,0.0856,0.2596,0.101
ref_00008,-3.475,-2.5015,0.0817,0.8782,0.1132,0.0625,0.1713,0.089
ref_00009,-3.0537,-2.4176,0.0875,0.8891,0.0973,0.2515,0.3052,0.1374
ref_00010,-3.264,-2.5006,0.1216,0.8626,0.1492,0.2583,0.2641,0.1616
ref_00011,-3.7714,-1.8793,0.1067,0.8961,0.0777,0.1733,0.1986,0.1191
ref_00012,-3.9279,-2.4591,0.0933,0.8799,0.0498,0.1227,0.2518,0.0777
ref_00013,-3.2954,-1.6428,0.1551,0.8757,0.1447,0.1621,0.2351,0.1684
ref_00014,-3.6669,-1.8822,0.1117,0.905,0.1551,0.1711,0.2541,0.1087
ref_00015,-3.7545,-2.3239,0.1133,0.8773,0.1102,0.1878,0.2343,0.0912
ref_00016,-3.895,-2.1586,0.1318,0.8819,0.1236,0.1425,0.2686,0.0832
ref_00017,-3.9616,-2.274,0.0969,0.9251,0.1021,0.2286,0.2548,0.0979
ref_00018,-3.675,-2.6991,0.0088,0.9217,0.0481,0.1283,0.1806,0.0605
ref_00019,-3.5176,-1.9993,0.1066,0.919,0.0583,0.1539,0.1493,0.0338
ref_00020,-4.0541,-3.0353,0.0831,0.927,0.0788,0.1912,0.222,0.0861
ref_00021,-3.5057,-1.8452,0.1598,0.8844,0.1198,0.222,0.2303,0.144
ref_00022,-3.6414,-1.9946,0.1564,0.8971,0.0551,0.207,0.3141,0.1422
ref_00023,-3.9473,-1.9016,0.1014,0.9045,0.1144,0.2274,0.2502,0.0739
ref_00024,-3.4227,-1.7508,0.1614,0.8884,0.1467,0.2707,0.2199,0.138
ref_00025,-4.1316,-2.8144,0.0905,0.8654,0.0843,0.1275,0.198,0.1158
ref_00026,-3.6433,-2.9856,0.087,0.8924,0.0379,0.1978,0.2098,0.0526
ref_00027,-2.7261,-1.5885,0.1367,0.88,0.1502,0.1367,0.2401,0.1871
ref_00028,-3.4377,-2.5359,0.1504,0.9012,0.1132,0.1561,0.2566,0.0944
ref_00029,-2.6699,-1.4125,0.1866,0.8528,0.1635,0.1395,0.2966,0.131
ref_00030,-4.1773,-2.5618,0.1349,0.9104,0.0825,0.2551,0.2811,0.153
ref_00031,-3.4692,-2.4955,0.0583,0.9025,0.1039,0.1794,0.2636,0.2026
ref_00032,-4.1252,-1.9595,0.2335,0.8595,0.091,0.2138,0.3114,0.0839
ref_00033,-3.0984,-2.3698,0.103,0.9032,0.1213,0.2306,0.2829,0.2005
ref_00034,-3.3661,-2.3281,0.0975,0.9218,0.0597,0.1441,0.2797,0.1288
ref_00035,-3.4016,-1.468,0.1677,0.9159,0.0754,0.2266,0.2862,0.1319
ref_00036,-2.9748,-2.5979,0.0988,0.8593,0.1657,0.1197,0.3065,0.1049
ref_00037,-3.2637,-2.181,0.1396,0.8508,0.1095,0.186,0.3054,0.1528
ref_00038,-4.0064,-2.6936,0.0883,0.9344,0.0404,0.2021,0.2383,0.1036
ref_00039,-4.2983,-2.4428,0.0866,0.9221,0.0765,0.131,0.2295,0.0933
ref_00040,-3.105,-1.3941,0.1867,0.8431,0.1773,0.2996,0.3193,0.1255
ref_00041,-3.5341,-1.6545,0.1402,0.8694,0.1708,0.2256,0.2686,0.122
ref_00042,-3.5234,-2.8119,0.1057,0.9297,0.0985,0.2321,0.2538,0.0828
ref_00043,-2.7794,-2.5437,0.1622,0.8562,0.1392,0.1633,0.2214,0.162
ref_00044,-4.0503,-1.6747,0.1667,0.838,0.1162,0.1835,0.2476,0.178
ref_00045,-4.1609,-2.2947,0.1024,0.9109,0.04,0.195,0.2058,0.105
ref_00046,-3.6946,-2.8424,0.1168,0.9115,0.1402,0.2159,0.2415,0.1307
ref_00047,-2.2961,-2.5393,0.1493,0.8592,0.2043,0.1772,0.251,0.1142
ref_00048,-3.0065,-2.2101,0.0845,0.9188,0.1269,0.145,0.2587,0.0933
ref_00049,-3.3616,-2.1502,0.14,0.8764,0.1268,0.2731,0.3047,0.1898
ref_00050,-4.0323,-2.1769,0.116,0.9287,0.0851,0.2238,0.2796,0.1049
ref_00051,-4.0451,-2.1316,0.094,0.9234,0.1087,0.1652,0.2406,0.1033
ref_00052,-3.5713,-2.333,0.0841,0.9039,0.1098,0.2329,0.2219,0.0521
ref_00053,-3.3701,-2.2245,0.1556,0.8638,0.1446,0.2418,0.2263,0.1594
ref_00054,-3.7671,-2.2243,0.1186,0.9006,0.0833,0.1596,0.2133,0.0949
ref_00055,-3.4103,-1.9289,0.124,0.9011,0.1063,0.2845,0.2664,0.1157
ref_00056,-3.1328,-2.0905,0.1368,0.9463,0.0892,0.2538,0.2469,0.0933
ref_00057,-3.1682,-1.9655,0.1276,0.8772,0.1196,0.1352,0.1878,0.1196
ref_00058,-3.8449,-2.7757,0.1339,0.902,0.0733,0.1519,0.239,0.1507
ref_00059,-3.5472,-2.033,0.1176,0.9041,0.1631,0.16,0.2601,0.1523
ref_00060,-3.4518,-3.1309,0.0691,0.8812,0.063,0.2102,0.2675,0.0857
ref_00061,-2.5098,-2.4899,0.1202,0.8624,0.1806,0.1839,0.2391,0.1482
ref_00062,-3.0872,-2.5821,0.129,0.876,0.1359,0.2352,0.2558,0.0485
ref_00063,-3.8894,-1.9807,0.1051,0.9151,0.1255,0.1829,0.183,0.0
ref_00064,-3.4192,-2.9478,0.0631,0.9297,0.0724,0.2479,0.2538,0.1132
ref_00065,-3.2032,-2.3512,0.1226,0.888,0.183,0.2314,0.2031,0.1451
ref_00066,-3.4415,-1.8407,0.0979,0.8731,0.1162,0.1704,0.2924,0.0619
ref_00067,-3.5636,-2.0749,0.0695,0.9479,0.054,0.1845,0.2868,0.004
ref_00068,-4.3166,-1.9716,0.153,0.9207,0.0499,0.132,0.2417,0.1219
ref_00069,-4.0521,-2.3556,0.1447,0.8731,0.1164,0.2078,0.3197,0.1803
ref_00070,-3.8672,-1.9291,0.1278,0.8913,0.0626,0.1441,0.2678,0.1418
ref_00071,-3.5115,-2.8979,0.0742,0.8785,0.1262,0.1691,0.2961,0.137
ref_00072,-3.1505,-2.0564,0.0834,0.9333,0.0894,0.1455,0.2329,0.1278
ref_00073,-3.9988,-1.9525,0.1405,0.8633,0.1136,0.1947,0.2779,0.1465
ref_00074,-3.4605,-2.1263,0.0919,0.8957,0.061,0.1398,0.207,0.0916
ref_00075,-3.3191,-1.8268,0.1458,0.9193,0.1082,0.1649,0.2481,0.1267
ref_00076,-2.8655,-2.7491,0.1326,0.8785,0.1696,0.1461,0.2024,0.1567
ref_00077,-3.8945,-1.977,0.1195,0.8563,0.127,0.172,0.193,0.1174
ref_00078,-2.8914,-2.2305,0.1691,0.8684,0.1444,0.1608,0.2726,0.1176
ref_00079,-4.2314,-2.7674,0.0762,0.9017,0.0757,0.1798,0.2371,0.1753
ref_00080,-4.1448,-2.6147,0.0744,0.8969,0.0792,0.1179,0.2489,0.1394
ref_00081,-3.1101,-1.9906,0.1158,0.8974,0.146,0.2304,0.2497,0.0862
ref_00082,-4.0704,-1.951,0.1153,0.8952,0.0909,0.1528,0.2716,0.0745
ref_00083,-2.9578,-2.7975,0.1335,0.8988,0.1247,0.1951,0.2071,0.0752
ref_00084,-3.9068,-2.3709,0.0754,0.8897,0.0928,0.2241,0.2629,0.1212
ref_00085,-3.8951,-2.2994,0.1591,0.884,0.0688,0.0609,0.2555,0.1961
ref_00086,-3.3432,-2.9477,0.1035,0.9071,0.0663,0.2189,0.252,0.1049
ref_00087,-2.6817,-2.7947,0.1212,0.9069,0.1507,0.1752,0.2456,0.0588
ref_00088,-3.1641,-2.7579,0.0703,0.9242,0.0988,0.237,0.2673,0.1671
ref_00089,-3.6597,-2.0068,0.0885,0.9057,0.0439,0.1054,0.2991,0.1048
ref_00090,-3.3233,-2.9256,0.0458,0.8995,0.1317,0.1955,0.2054,0.0758
ref_00091,-4.4172,-1.9073,0.1246,0.8987,0.0673,0.1738,0.2297,0.1231
ref_00092,-3.4926,-2.4517,0.0384,0.91,0.1267,0.0886,0.2552,0.054
ref_00093,-3.414,-2.3136,0.0617,0.8767,0.0639,0.015,0.0698,0.033
ref_00094,-4.1469,-2.9604,0.0645,0.9442,0.0736,0.2505,0.2522,0.1474
ref_00095,-3.666,-1.9587,0.0958,0.8772,0.0727,0.2204,0.19,0.0543
ref_00096,-3.2485,-1.6254,0.1547,0.9008,0.1004,0.184,0.241,0.1142
ref_00097,-4.145,-1.8151,0.1037,0.9356,0.0903,0.1872,0.272,0.1442
ref_00098,-3.8229,-1.3033,0.1976,0.9204,0.0964,0.2013,0.2943,0.0954
ref_00099,-3.947,-2.8721,0.0879,0.9146,0.0,0.0812,0.2863,0.1914
ref_00100,-3.7064,-2.7943,0.1241,0.8818,0.1301,0.3192,0.268,0.1231
ref_00101,-4.7394,-2.1951,0.1424,0.9142,0.0381,0.2494,0.2453,0.153
ref_00102,-3.1721,-2.0868,0.0828,0.8963,0.0843,0.2481,0.2576,0.0884
ref_00103,-3.3853,-2.229,0.1092,0.8588,0.1474,0.2328,0.2113,0.1875
ref_00104,-3.71,-2.341,0.0892,0.916,0.1104,0.1928,0.262,0.1004
ref_00105,-2.9559,-2.804,0.1077,0.8613,0.1471,0.0882,0.2435,0.0983
ref_00106,-2.701,-2.5876,0.151,0.8762,0.2227,0.1963,0.2294,0.0782
ref_00107,-3.2951,-2.3224,0.1642,0.8751,0.1526,0.0507,0.2731,0.1147
ref_00108,-3.3141,-1.9409,0.1192,0.881,0.1423,0.1898,0.2902,0.1214
ref_00109,-3.7916,-2.649,0.0863,0.9216,0.1126,0.1089,0.2012,0.1458
ref_00110,-4.0206,-2.0311,0.115,0.887,0.0962,0.2419,0.2684,0.2146
ref_00111,-3.2652,-2.9404,0.0714,0.9067,0.1398,0.2674,0.2852,0.125
ref_00112,-2.9994,-1.5405,0.1534,0.8651,0.1206,0.2294,0.2374,0.1459
ref_00113,-2.9579,-2.9881,0.0544,0.8788,0.1541,0.2344,0.2126,0.1199
ref_00114,-3.3224,-2.1932,0.1669,0.9005,0.0841,0.2018,0.271,0.1282
ref_00115,-3.0927,-2.885,0.0496,0.8578,0.1543,0.1732,0.2826,0.1176
ref_00116,-3.259,-2.7779,0.1169,0.882,0.1088,0.223,0.2856,0.084
ref_00117,-3.3826,-1.5937,0.1538,0.9045,0.0862,0.1569,0.2138,0.1951
ref_00118,-3.9222,-1.6655,0.1579,0.8808,0.0982,0.297,0.2723,0.1422
ref_00119,-3.2574,-1.923,0.1346,0.8975,0.0976,0.1426,0.2246,0.1763
ref_00120,-4.4534,-2.5106,0.1738,0.908,0.0646,0.1697,0.2713,0.1642
ref_00121,-3.3542,-2.4153,0.0093,0.8878,0.0608,0.1019,0.2608,0.1012
ref_00122,-3.5603,-1.6489,0.1521,0.925,0.1258,0.2548,0.2179,0.1037
ref_00123,-3.6587,-1.9573,0.1291,0.8666,0.1202,0.1946,0.1949,0.0803
ref_00124,-3.5565,-2.3954,0.1316,0.9209,0.1404,0.2125,0.3032,0.1285
ref_00125,-3.3502,-2.5695,0.0942,0.9556,0.0748,0.2185,0.2739,0.089
ref_00126,-3.8857,-2.1469,0.0965,0.8838,0.1006,0.1177,0.2283,0.0578
ref_00127,-3.395,-2.6039,0.1169,0.9147,0.1432,0.1734,0.28,0.1962
ref_00128,-2.0609,-1.8068,0.1473,0.8742,0.2176,0.2605,0.2719,0.0911
ref_00129,-2.9972,-2.1889,0.1432,0.941,0.1022,0.036,0.2999,0.1083
ref_00130,-3.0032,-2.0279,0.1483,0.8657,0.1448,0.1681,0.2458,0.1775
ref_00131,-2.4041,-1.6602,0.1622,0.8601,0.1849,0.1478,0.2635,0.0085
ref_00132,-2.5985,-2.1675,0.1574,0.8715,0.1628,0.1766,0.2739,0.1786
ref_00133,-3.2132,-2.205,0.1368,0.9248,0.1152,0.1483,0.2762,0.1562
ref_00134,-3.3005,-2.3902,0.1057,0.8978,0.1642,0.2328,0.288,0.0618
ref_00135,-4.512,-1.8249,0.1001,0.8851,0.0503,0.2607,0.2803,0.0666
ref_00136,-3.7362,-2.0739,0.1384,0.9094,0.1098,0.1984,0.1964,0.0335
ref_00137,-2.7788,-1.8507,0.1397,0.8769,0.1661,0.1935,0.2714,0.1015
ref_00138,-3.2706,-1.7795,0.1391,0.8804,0.1774,0.2149,0.2866,0.2001
ref_00139,-3.9794,-3.0009,0.0735,0.9097,0.1093,0.1892,0.1543,0.0936
ref_00140,-3.908,-2.4849,0.0681,0.9053,0.1143,0.2122,0.2734,0.1287
ref_00141,-4.597,-2.1552,0.1002,1.0,0.0465,0.1942,0.2624,0.1027
ref_00142,-3.9826,-1.6601,0.188,0.8955,0.1148,0.151,0.2335,0.0827
ref_00143,-4.4216,-1.6727,0.1414,0.9109,0.0319,0.256,0.1971,0.1035
ref_00144,-4.2075,-1.899,0.1651,0.9129,0.0909,0.1766,0.2398,0.0971
ref_00145,-3.5446,-2.4763,0.1046,0.913,0.1675,0.0831,0.2257,0.1114
ref_00146,-2.8944,-2.5859,0.065,0.897,0.1188,0.2403,0.1601,0.099
ref_00147,-3.5013,-3.0079,0.0658,0.8718,0.1205,0.24,0.252,0.1154
ref_00148,-3.5329,-2.5667,0.0909,0.8858,0.1132,0.2141,0.2075,0.0873
ref_00149,-3.4454,-2.082,0.1116,0.9101,0.1374,0.1225,0.1994,0.0957
ref_00150,-4.4562,-1.9571,0.0975,0.9049,0.0409,0.1303,0.2063,0.1055
ref_00151,-4.0285,-3.109,0.0231,0.8968,0.0372,0.1266,0.1788,0.1128
ref_00152,-4.079,-2.783,0.1065,0.8959,0.0851,0.1376,0.1798,0.1152
ref_00153,-2.9043,-2.7903,0.0908,0.9042,0.1294,0.2329,0.2341,0.0655
ref_00154,-3.4794,-2.2663,0.1378,0.8933,0.0739,0.2881,0.2878,0.1585
ref_00155,-2.3492,-2.3624,0.1682,0.8732,0.2108,0.2369,0.277,0.1883
ref_00156,-3.9322,-2.8854,0.1163,0.9031,0.1119,0.1895,0.2597,0.1857
ref_00157,-3.0577,-2.0856,0.1603,0.8806,0.1483,0.1971,0.2473,0.146
ref_00158,-4.023,-2.1365,0.1163,0.9447,0.0717,0.1789,0.1771,0.0107
ref_00159,-3.4221,-2.1945,0.1293,0.9175,0.0983,0.0611,0.2365,0.1431
ref_00160,-3.7716,-2.617,0.1398,0.9102,0.0635,0.17,0.2932,0.0871
ref_00161,-3.6511,-2.4625,0.1403,0.916,0.0782,0.1606,0.2607,0.1256
ref_00162,-3.4476,-1.6226,0.1402,0.861,0.1534,0.2148,0.2146,0.1521
ref_00163,-3.0811,-2.6193,0.074,0.8962,0.1126,0.3133,0.2031,0.0974
ref_00164,-3.2935,-1.725,0.1612,0.8935,0.1438,0.1937,0.2673,0.1383
ref_00165,-3.6863,-2.2734,0.0588,0.8969,0.0855,0.1784,0.2413,0.0515
ref_00166,-3.6322,-2.4223,0.1285,0.8737,0.1165,0.2325,0.2908,0.0938
ref_00167,-3.2056,-2.9591,0.0943,0.8673,0.1073,0.1379,0.2108,0.0986
ref_00168,-3.0862,-1.8342,0.1083,0.8983,0.1528,0.2243,0.2727,0.063
ref_00169,-4.0512,-2.4167,0.0376,0.8795,0.088,0.0743,0.2551,0.0704
ref_00170,-3.5326,-1.6972,0.1196,0.8954,0.0841,0.2865,0.3173,0.1062
ref_00171,-4.5666,-2.5381,0.0672,0.9437,0.0502,0.2484,0.2228,0.1577
ref_00172,-3.8448,-2.734,0.0778,0.8945,0.112,0.2338,0.3004,0.2201
ref_00173,-3.0697,-2.7112,0.0942,0.8774,0.1942,0.2401,0.2427,0.1009
ref_00174,-4.028,-1.5847,0.145,0.8843,0.0701,0.2057,0.2276,0.1726
ref_00175,-3.7158,-2.2853,0.1447,0.884,0.0944,0.1466,0.2056,0.2014
ref_00176,-3.3422,-2.3088,0.065,0.9532,0.1105,0.1682,0.1907,0.0604
ref_00177,-3.0415,-2.1144,0.1123,0.9509,0.1383,0.1434,0.2299,0.0818
ref_00178,-3.7761,-2.6073,0.1315,0.9247,0.1304,0.1205,0.2155,0.133
ref_00179,-3.1289,-2.231,0.1295,0.9207,0.1245,0.1053,0.2715,0.06
ref_00180,-4.7495,-3.0589,0.0857,0.9145,0.0361,0.1358,0.2807,0.0621
ref_00181,-3.5082,-2.5339,0.1203,0.9171,0.1105,0.264,0.2724,0.115
ref_00182,-3.0042,-2.2594,0.1715,0.873,0.1822,0.2469,0.3235,0.1447
ref_00183,-3.2436,-2.7649,0.1075,0.8743,0.1012,0.194,0.244,0.1428
ref_00184,-2.9236,-2.1334,0.1228,0.8596,0.1552,0.1727,0.1879,0.1198
ref_00185,-3.5569,-2.7425,0.1241,0.9104,0.0897,0.0861,0.211,0.0495
ref_00186,-2.9351,-1.7701,0.1784,0.8749,0.154,0.1916,0.2759,0.0811
ref_00187,-4.1422,-2.2529,0.128,0.857,0.1057,0.2339,0.3393,0.1404
ref_00188,-4.3088,-2.7007,0.1193,0.9156,0.0539,0.0945,0.1787,0.1237
ref_00189,-4.0975,-2.9012,0.0592,0.9216,0.0259,0.1883,0.2077,0.0693
ref_00190,-3.5977,-1.2264,0.2335,0.8751,0.1602,0.2223,0.2846,0.1692
ref_00191,-3.6834,-2.2608,0.061,0.9585,0.0464,0.1326,0.1765,0.0486
ref_00192,-4.6323,-2.0592,0.1104,0.9617,0.0188,0.0129,0.2307,0.0439
ref_00193,-3.4133,-2.5891,0.1322,0.8862,0.1066,0.36,0.3168,0.1664
ref_00194,-4.372,-2.0616,0.217,0.8489,0.0649,0.2963,0.2905,0.169
ref_00195,-2.1483,-2.7043,0.129,0.8644,0.2261,0.1565,0.2382,0.1141
ref_00196,-2.9159,-1.6546,0.1417,0.872,0.1247,0.1969,0.2214,0.0821
ref_00197,-3.7388,-2.2523,0.1447,0.9188,0.094,0.1827,0.2785,0.0678
ref_00198,-3.3645,-1.8784,0.1117,0.8885,0.1269,0.1876,0.241,0.1428
ref_00199,-3.8027,-1.9628,0.0861,0.9316,0.0799,0.1045,0.224,0.1445
ref_00200,-3.3537,-1.5992,0.1638,0.9255,0.1299,0.1529,0.2865,0.0706
ref_00201,-4.1293,-2.0633,0.1449,0.8782,0.1022,0.2447,0.2704,0.148
ref_00202,-2.256,-1.9715,0.136,0.8801,0.1877,0.234,0.2549,0.1858
ref_00203,-4.5652,-3.0067,0.0748,0.9236,0.0343,0.1793,0.2297,0.0635
ref_00204,-3.0595,-2.3358,0.1015,0.8854,0.0955,0.2082,0.275,0.0931
ref_00205,-3.1811,-1.9607,0.1187,0.8444,0.1818,0.1769,0.2625,0.1368
ref_00206,-3.0931,-2.3516,0.1391,0.8824,0.1339,0.184,0.2654,0.1257
ref_00207,-3.6394,-3.302,0.0191,0.8946,0.0987,0.2262,0.2294,0.0558
ref_00208,-3.4674,-2.3491,0.0886,0.8844,0.104,0.1563,0.1978,0.1285
ref_00209,-3.477,-1.5547,0.1728,0.9005,0.1011,0.1682,0.2837,0.1617
ref_00210,-3.0187,-2.4915,0.0844,0.8806,0.1399,0.1391,0.2715,0.1454
ref_00211,-4.0044,-1.5188,0.1924,0.8895,0.0795,0.2313,0.2657,0.118
ref_00212,-2.5622,-1.9146,0.1646,0.8341,0.1491,0.2708,0.2591,0.1096
ref_00213,-2.518,-2.8933,0.1104,0.845,0.1822,0.1293,0.2712,0.1092
ref_00214,-4.3766,-2.5724,0.0615,0.9248,0.0543,0.2089,0.2585,0.0789
ref_00215,-3.8234,-2.7815,0.0519,0.9095,0.0948,0.1712,0.2535,0.0925
ref_00216,-3.017,-1.7672,0.1552,0.8509,0.1708,0.3615,0.2717,0.2647
ref_00217,-2.9685,-1.6954,0.1376,0.8831,0.1596,0.2525,0.2758,0.0865
ref_00218,-3.4494,-2.1944,0.1462,0.8626,0.1333,0.2921,0.2902,0.1974
ref_00219,-3.084,-1.7282,0.1654,0.9164,0.0951,0.2678,0.2943,0.1517
ref_00220,-4.3779,-2.6001,0.1579,0.9398,0.0716,0.2027,0.2764,0.1067
ref_00221,-4.1089,-2.209,0.0664,0.9481,0.0238,0.0352,0.2277,0.0052
ref_00222,-4.0678,-2.2626,0.1141,0.9537,0.114,0.2478,0.2363,0.1766
ref_00223,-4.1369,-1.8165,0.1676,0.9364,0.0435,0.213,0.2385,0.1223
ref_00224,-2.3101,-2.257,0.1302,0.8805,0.1838,0.2614,0.2323,0.0909
ref_00225,-4.6827,-2.0432,0.1187,0.9503,0.0354,0.1842,0.2576,0.1136
ref_00226,-4.0058,-2.6264,0.0,0.909,0.1088,0.1459,0.2825,0.1106
ref_00227,-3.2759,-3.2066,0.0585,0.8933,0.0867,0.0223,0.223,0.0046
ref_00228,-4.1353,-2.6222,0.1449,0.8934,0.1019,0.0803,0.2573,0.1106
ref_00229,-3.9048,-2.7671,0.1323,0.9631,0.1093,0.0,0.1878,0.0847
ref_00230,-3.977,-2.4084,0.0535,0.8965,0.1113,0.1979,0.2333,0.1392
ref_00231,-2.7212,-2.3494,0.1589,0.8961,0.1592,0.2298,0.2868,0.1786
ref_00232,-2.8282,-1.9438,0.12,0.8804,0.1833,0.162,0.2167,0.0999
ref_00233,-4.1857,-2.4997,0.0778,0.9434,0.0434,0.1424,0.27,0.0427
ref_00234,-3.1614,-1.8844,0.1416,0.898,0.1046,0.1734,0.2811,0.0939
ref_00235,-2.9125,-1.7172,0.1421,0.8814,0.112,0.2412,0.2752,0.1396
ref_00236,-3.8986,-2.2646,0.1227,0.8749,0.1151,0.2285,0.2247,0.1008
ref_00237,-3.4978,-3.0202,0.0931,0.9005,0.0835,0.2099,0.2552,0.0593
ref_00238,-4.179,-2.9006,0.0426,0.8955,0.0928,0.1372,0.2631,0.0896
ref_00239,-3.0556,-2.2386,0.1248,0.8823,0.1039,0.1496,0.254,0.078
ref_00240,3.0998,0.2167,0.5372,0.4148,0.8579,0.8592,0.2854,0.509
ref_00241,2.8137,0.9459,0.6169,0.3989,0.841,0.8604,0.2419,0.4079
ref_00242,2.7424,0.0699,0.5752,0.428,0.8029,0.8688,0.2129,0.5676
ref_00243,3.0514,-0.1925,0.5614,0.4173,0.8291,0.8911,0.2284,0.5387
ref_00244,2.8946,0.2557,0.5076,0.3954,0.8668,0.8804,0.2217,0.5978
ref_00245,4.0004,0.4561,0.5391,0.3762,0.8824,0.8403,0.1908,0.5021
ref_00246,3.6888,0.0277,0.5703,0.4141,0.8864,0.9414,0.2887,0.5878
ref_00247,3.5838,1.1247,0.6301,0.397,0.8812,0.8813,0.2415,0.538
ref_00248,3.1935,0.3481,0.552,0.4431,0.812,0.9331,0.2716,0.4758
ref_00249,2.6162,0.1244,0.5196,0.463,0.8106,0.8626,0.1811,0.4238
ref_00250,2.9076,1.0161,0.5763,0.4306,0.8408,0.8875,0.2463,0.5394
ref_00251,3.6454,0.7433,0.5912,0.4197,0.8601,0.8986,0.2245,0.6012
ref_00252,3.3065,0.9076,0.5796,0.4229,0.8377,0.8586,0.2418,0.5223
ref_00253,3.8075,0.6629,0.571,0.3859,0.8619,0.8704,0.2897,0.534
ref_00254,3.3853,0.4899,0.574,0.4401,0.8209,0.8654,0.3169,0.4787
ref_00255,2.8438,0.1978,0.5163,0.4006,0.8672,0.941,0.2324,0.4692
ref_00256,3.1448,0.3322,0.6313,0.3721,0.8908,0.8995,0.3036,0.5786
ref_00257,2.3598,0.6084,0.5443,0.4646,0.7852,0.8315,0.1999,0.4974
ref_00258,4.1592,-0.0633,0.5437,0.4467,0.9064,0.7749,0.201,0.4758
ref_00259,2.1704,0.5805,0.6034,0.4489,0.7849,0.9265,0.3159,0.5944
ref_00260,3.273,0.5614,0.5845,0.426,0.8396,0.9405,0.274,0.5236
ref_00261,3.7659,0.9733,0.6414,0.3614,0.9249,0.9057,0.2573,0.5159
ref_00262,2.8985,-0.1649,0.5629,0.4287,0.8887,0.8545,0.2382,0.5719
ref_00263,4.3668,0.8361,0.6062,0.3778,0.9273,0.9806,0.2365,0.5296
ref_00264,2.9542,0.0603,0.573,0.4139,0.8446,0.8611,0.2051,0.6035
ref_00265,3.3216,1.086,0.6041,0.4104,0.8354,0.8494,0.217,0.4652
ref_00266,2.8648,0.7049,0.5769,0.4597,0.8098,0.9359,0.2034,0.4765
ref_00267,2.3328,1.156,0.6375,0.383,0.8136,0.8217,0.2397,0.5506
ref_00268,3.1545,-0.1702,0.5147,0.4362,0.8332,0.815,0.1891,0.4989
ref_00269,3.3501,0.2298,0.5993,0.4328,0.8587,0.9246,0.2614,0.5527
ref_00270,3.293,1.0217,0.5762,0.3848,0.9207,0.9246,0.2347,0.5628
ref_00271,3.3754,0.036,0.5357,0.4598,0.8366,0.9138,0.2545,0.4901
ref_00272,2.9994,-0.3719,0.4635,0.3682,0.8884,0.8831,0.2196,0.4928
ref_00273,3.1274,0.4881,0.5715,0.4148,0.8628,0.9174,0.273,0.481
ref_00274,3.4361,0.0642,0.528,0.4096,0.849,0.8927,0.2013,0.5022
ref_00275,2.8861,0.0726,0.4786,0.4487,0.8467,0.8879,0.1799,0.498
ref_00276,3.3722,-0.4684,0.5212,0.3714,0.85,0.7758,0.2636,0.656
ref_00277,3.8015,0.7923,0.5499,0.3902,0.8978,0.7567,0.2291,0.534
ref_00278,4.0885,0.4956,0.6025,0.3768,0.8967,0.9558,0.2511,0.5332
ref_00279,3.2316,0.667,0.5591,0.3897,0.9047,0.8599,0.2947,0.5367
ref_00280,3.0659,0.9275,0.562,0.4203,0.7943,0.9322,0.3098,0.5115
ref_00281,3.135,0.6161,0.5962,0.4207,0.8116,0.9934,0.2506,0.5391
ref_00282,3.1971,-0.2882,0.5513,0.3823,0.8915,0.9688,0.2726,0.5365
ref_00283,3.6216,1.0336,0.6326,0.3787,0.9306,0.7601,0.2151,0.5681
ref_00284,4.0196,0.1491,0.5692,0.3822,0.8811,0.9205,0.2803,0.53
ref_00285,3.0924,0.2152,0.5179,0.4403,0.8034,0.9041,0.2581,0.5087
ref_00286,3.4742,0.5067,0.6406,0.3823,0.9059,0.9144,0.2662,0.5241
ref_00287,3.538,0.7924,0.5436,0.3991,0.8459,0.8823,0.2811,0.467
ref_00288,3.2845,-0.0346,0.5676,0.4186,0.811,0.9314,0.2502,0.5145
ref_00289,3.3988,0.9177,0.5916,0.4391,0.8437,0.9634,0.2591,0.5562
ref_00290,3.5421,0.4964,0.5993,0.3666,0.9195,0.8581,0.1709,0.5611
ref_00291,4.1063,0.9437,0.5692,0.3842,0.8967,0.9451,0.2594,0.4656
ref_00292,3.9623,0.4645,0.6301,0.349,0.9589,0.9752,0.242,0.5778
ref_00293,3.4174,-0.2926,0.5479,0.3993,0.8698,0.912,0.2081,0.4896
ref_00294,3.5416,0.7542,0.6592,0.3768,0.8434,0.9728,0.2654,0.6094
ref_00295,3.2173,0.9254,0.6,0.3891,0.8505,0.9087,0.255,0.4792
ref_00296,3.2768,-0.0056,0.5422,0.3922,0.8002,0.896,0.2559,0.5662
ref_00297,3.0976,0.2672,0.5518,0.4146,0.8362,0.8712,0.2018,0.445
ref_00298,2.5021,0.1581,0.5717,0.4062,0.8127,0.9127,0.3035,0.4557
ref_00299,3.3152,0.5801,0.5346,0.4553,0.8406,0.8509,0.167,0.5449
ref_00300,3.2328,0.6152,0.5553,0.3955,0.8942,0.9038,0.2831,0.5921
ref_00301,3.3451,0.5367,0.5475,0.4049,0.8419,0.9326,0.2374,0.5122
ref_00302,2.8453,0.9531,0.6107,0.4148,0.8485,0.8597,0.3146,0.5997
ref_00303,3.4436,0.3642,0.553,0.399,0.8326,0.8908,0.2695,0.5509
ref_00304,2.9484,1.1795,0.6056,0.4215,0.8836,0.8591,0.2594,0.5837
ref_00305,3.1995,-0.1194,0.5579,0.4288,0.8716,0.8796,0.2295,0.5208
ref_00306,3.3839,0.8036,0.5568,0.4281,0.8426,0.9288,0.3123,0.6151
ref_00307,2.6007,0.0159,0.5276,0.4511,0.8067,0.9118,0.2517,0.5013
ref_00308,3.8173,0.6473,0.5837,0.4045,0.8643,0.8996,0.2377,0.4901
ref_00309,3.2773,0.3367,0.5523,0.4046,0.881,0.7689,0.2571,0.4484
ref_00310,3.4066,0.8634,0.5821,0.3904,0.9011,0.8015,0.2801,0.5982
ref_00311,3.8418,0.6604,0.5936,0.4063,0.8959,0.9784,0.2872,0.5703
ref_00312,3.7488,0.9525,0.597,0.3451,0.899,0.8749,0.2526,0.6047
ref_00313,3.4839,1.0729,0.6171,0.4278,0.8643,0.9295,0.2638,0.5133
ref_00314,2.939,-0.1123,0.5472,0.4355,0.8082,0.8361,0.2361,0.4874
ref_00315,2.8114,0.0217,0.5373,0.4417,0.8088,0.8695,0.204,0.4565
ref_00316,3.3701,1.0216,0.5823,0.4271,0.8799,0.8731,0.2022,0.5895
ref_00317,3.7813,-0.0325,0.5091,0.4265,0.8922,0.7524,0.163,0.5049
ref_00318,4.1804,0.7041,0.5988,0.3788,0.9126,0.8892,0.2878,0.5411
ref_00319,3.1815,-0.619,0.4763,0.432,0.8585,0.8545,0.2735,0.4021
ref_00320,2.7395,0.3729,0.58,0.4414,0.8554,0.8684,0.2705,0.5351
ref_00321,3.4695,0.8333,0.649,0.3757,0.8654,0.8718,0.3087,0.4992
ref_00322,2.9348,0.4029,0.6153,0.4723,0.8053,0.8966,0.2514,0.4958
ref_00323,3.7412,0.0029,0.5189,0.4333,0.8728,0.8558,0.225,0.4369
ref_00324,2.8854,0.7163,0.6205,0.385,0.8464,0.8639,0.2521,0.5614
ref_00325,3.3739,0.1339,0.506,0.4165,0.8906,0.9392,0.2576,0.5104
ref_00326,3.3519,0.944,0.6137,0.3759,0.8737,0.7914,0.2983,0.4514
ref_00327,3.3304,-0.1436,0.5149,0.4055,0.8931,0.8508,0.2295,0.5496
ref_00328,3.3113,-0.0976,0.5749,0.3607,0.9164,0.7792,0.2779,0.6414
ref_00329,3.6197,0.74,0.5286,0.4262,0.87,0.7468,0.2373,0.5534
ref_00330,3.2547,0.4001,0.604,0.3986,0.8634,0.9487,0.2768,0.5067
ref_00331,2.6636,0.9161,0.5866,0.4082,0.8296,0.7847,0.2751,0.5409
ref_00332,3.1218,-0.0251,0.5665,0.4066,0.8631,0.926,0.2582,0.4792
ref_00333,3.6317,0.393,0.5934,0.3996,0.9134,0.885,0.1978,0.5443
ref_00334,3.9785,0.0686,0.5656,0.4195,0.9004,0.8416,0.3032,0.4977
ref_00335,3.5191,0.0151,0.5939,0.4463,0.8412,0.9717,0.2817,0.5533
ref_00336,2.6284,0.8187,0.5368,0.4297,0.8293,0.8192,0.277,0.5336
ref_00337,2.3856,0.3975,0.5835,0.4151,0.793,0.9296,0.2521,0.5939
ref_00338,3.7871,0.0163,0.5312,0.3904,0.8661,0.7796,0.2374,0.5165
ref_00339,3.2019,0.8474,0.5456,0.4013,0.8817,0.8588,0.2187,0.5674
ref_00340,2.6916,1.097,0.596,0.4521,0.8453,0.9467,0.2913,0.4965
ref_00341,2.3468,0.5512,0.5924,0.4268,0.8233,0.9127,0.2492,0.4573
ref_00342,3.4245,0.432,0.57,0.4251,0.8599,0.8702,0.3022,0.6166
ref_00343,3.9579,0.1298,0.5992,0.3622,0.8995,0.9835,0.2893,0.5134
ref_00344,3.5335,0.5542,0.6155,0.3795,0.9145,0.8674,0.2464,0.7065
ref_00345,2.275,0.3664,0.5903,0.41,0.8146,0.8343,0.293,0.49
ref_00346,3.5831,0.9403,0.5992,0.3849,0.8814,0.8844,0.2829,0.5245
ref_00347,2.7159,0.7485,0.581,0.4128,0.8266,0.8885,0.2526,0.5202
ref_00348,3.1096,0.0812,0.5356,0.4265,0.8969,0.9121,0.2377,0.3679
ref_00349,2.7335,0.5793,0.5883,0.4363,0.8491,0.9785,0.3532,0.5228
ref_00350,3.5828,0.6674,0.5555,0.3982,0.8527,0.9001,0.2722,0.5303
ref_00351,3.1062,0.9518,0.6048,0.4183,0.8338,0.9013,0.2273,0.5376
ref_00352,2.9076,0.1963,0.5927,0.3988,0.8694,0.9005,0.2482,0.4758
ref_00353,3.6184,1.0888,0.6387,0.3904,0.8915,0.9482,0.1895,0.5842
ref_00354,2.4885,0.7556,0.5724,0.4505,0.7999,0.9016,0.226,0.5227
ref_00355,2.7876,0.4624,0.5852,0.4187,0.8623,0.9199,0.2524,0.4986
ref_00356,3.3966,0.3438,0.5934,0.3945,0.8206,0.8967,0.2964,0.5087
ref_00357,3.7056,-0.0373,0.5693,0.3893,0.8744,0.8579,0.2692,0.5348
ref_00358,2.9578,-0.371,0.5282,0.3988,0.8165,0.8074,0.1552,0.5884
ref_00359,2.761,-0.299,0.4526,0.4303,0.8408,0.8488,0.1959,0.5153
ref_00360,3.7161,-0.0381,0.5605,0.3502,0.9117,0.7832,0.2855,0.4514
ref_00361,3.5427,0.6629,0.5389,0.4107,0.8756,0.9586,0.2849,0.5671
ref_00362,4.3347,1.2417,0.6564,0.3491,0.9707,0.7662,0.2431,0.5942
ref_00363,3.7373,1.4021,0.6428,0.3821,0.8561,0.9008,0.3161,0.5312
ref_00364,3.4589,0.3819,0.6291,0.3869,0.8567,0.9172,0.2711,0.5235
ref_00365,3.5104,0.7241,0.5732,0.3715,0.8909,0.9082,0.2339,0.4817
ref_00366,3.2441,-0.0623,0.5413,0.3929,0.8928,0.9571,0.292,0.521
ref_00367,3.7629,0.6421,0.5339,0.3451,0.9076,0.9356,0.2784,0.5325
ref_00368,3.4465,0.0601,0.6037,0.3616,0.9363,0.9533,0.2341,0.5541
ref_00369,2.5388,0.8286,0.5468,0.3914,0.8185,0.9694,0.222,0.5967
ref_00370,3.7255,0.9823,0.5641,0.3906,0.8768,0.9533,0.3273,0.5377
ref_00371,3.1641,0.0612,0.597,0.3726,0.8478,0.8539,0.1562,0.4805
ref_00372,2.5515,0.6636,0.6205,0.4391,0.8434,0.8574,0.2774,0.4924
ref_00373,2.9036,0.468,0.5868,0.4243,0.8599,0.8568,0.2043,0.619
ref_00374,3.45,-0.1601,0.5448,0.3952,0.8173,0.9019,0.2499,0.5517
ref_00375,3.6182,-0.6415,0.4755,0.4555,0.8558,0.8726,0.211,0.5177
ref_00376,3.5492,0.7595,0.5687,0.3923,0.8675,0.8265,0.2657,0.5236
ref_00377,3.6659,0.9712,0.5923,0.3377,0.864,0.8049,0.2326,0.5821
ref_00378,2.9625,0.8929,0.565,0.4194,0.7961,0.848,0.2193,0.5719
ref_00379,3.6869,0.8461,0.6202,0.3853,0.8842,0.8712,0.2406,0.5295
ref_00380,3.4012,0.3414,0.5901,0.4124,0.83,0.8827,0.2223,0.4638
ref_00381,3.1138,1.0714,0.5934,0.3666,0.887,0.9138,0.2773,0.5084
ref_00382,3.6615,0.5665,0.5577,0.3921,0.8579,0.9429,0.2508,0.5526
ref_00383,2.5088,0.1883,0.5245,0.4427,0.8225,0.8968,0.2172,0.4758
ref_00384,2.945,0.8886,0.6061,0.4281,0.8835,0.8361,0.318,0.4924
ref_00385,3.356,0.6811,0.5301,0.4306,0.8727,0.8157,0.2857,0.545
ref_00386,3.6871,0.3358,0.5356,0.4289,0.8672,0.9406,0.2572,0.4803
ref_00387,3.9839,0.5244,0.6176,0.397,0.9092,0.8843,0.246,0.4976
ref_00388,3.341,0.7713,0.5847,0.4524,0.8409,0.8525,0.314,0.5799
ref_00389,2.8216,0.306,0.5413,0.4283,0.8687,0.8794,0.1586,0.6346
ref_00390,2.9878,0.1209,0.5689,0.396,0.8265,0.9962,0.2955,0.556
ref_00391,3.4441,-0.0007,0.5787,0.4567,0.8436,0.9267,0.2822,0.4873
ref_00392,3.5988,0.4838,0.5561,0.3884,0.8598,0.942,0.2899,0.5381
ref_00393,3.9653,0.4345,0.6234,0.3939,0.874,0.8783,0.2315,0.5722
ref_00394,2.9808,0.5711,0.5692,0.4082,0.8277,0.8683,0.2055,0.4692
ref_00395,2.9409,0.2245,0.571,0.3907,0.8652,0.9464,0.2404,0.5003
ref_00396,3.7506,0.2371,0.5505,0.4121,0.8849,0.8449,0.222,0.4832
ref_00397,3.2017,0.1388,0.566,0.4137,0.8382,0.8685,0.2152,0.513
ref_00398,4.0814,-0.1162,0.4917,0.4268,0.9004,0.852,0.1959,0.5159
ref_00399,2.5264,0.6334,0.554,0.4546,0.8219,0.9113,0.3002,0.5627
ref_00400,3.8994,0.2736,0.6103,0.3759,0.8993,1.0,0.2602,0.4945
ref_00401,3.1742,0.7246,0.5368,0.3998,0.8507,0.9329,0.1904,0.5061
ref_00402,3.9825,0.8956,0.631,0.396,0.8894,0.9229,0.2733,0.4515
ref_00403,3.9399,0.6685,0.6076,0.4047,0.8918,0.8769,0.2783,0.5718
ref_00404,3.2208,0.293,0.5323,0.4559,0.8663,0.9476,0.2289,0.5433
ref_00405,3.0957,0.2682,0.5785,0.3812,0.8982,0.9303,0.2708,0.5238
ref_00406,3.1761,0.9376,0.6087,0.3816,0.8932,0.9286,0.2351,0.5371
ref_00407,2.4887,-0.0184,0.5638,0.4184,0.8116,0.9368,0.2027,0.4358
ref_00408,2.7622,0.6241,0.5775,0.3794,0.8343,0.9414,0.2128,0.5002
ref_00409,3.705,0.9329,0.5575,0.4075,0.8531,0.9357,0.3007,0.5194
ref_00410,3.4925,0.2425,0.478,0.4169,0.8439,0.9158,0.2623,0.563
ref_00411,3.7949,1.2778,0.6384,0.4135,0.8649,0.8947,0.2923,0.5325
ref_00412,3.1067,-0.0251,0.5658,0.4099,0.8933,0.8677,0.2916,0.508
ref_00413,2.9069,0.3995,0.5836,0.4383,0.8708,0.8746,0.2771,0.6213
ref_00414,3.2133,0.1353,0.5464,0.3774,0.9199,0.9094,0.2768,0.5796
ref_00415,3.7207,0.1367,0.5167,0.4253,0.8755,0.7921,0.2161,0.5549
ref_00416,3.5977,-0.3909,0.5301,0.3874,0.8774,0.9197,0.2592,0.4771
ref_00417,3.2459,0.376,0.6211,0.4256,0.8873,0.9032,0.3139,0.5548
ref_00418,3.5233,1.3247,0.6417,0.4255,0.9261,0.9738,0.2793,0.5168
ref_00419,3.6167,0.1469,0.5314,0.404,0.844,0.9259,0.2443,0.5272
ref_00420,2.5431,0.9723,0.6541,0.3657,0.8423,0.8276,0.2996,0.5412
ref_00421,3.1085,0.1832,0.504,0.3875,0.8991,0.9059,0.2533,0.5376
ref_00422,3.4543,0.2365,0.5727,0.3758,0.8532,0.8971,0.2967,0.4609
ref_00423,3.051,0.1192,0.506,0.4049,0.8637,0.8879,0.2283,0.4839
ref_00424,3.4444,-0.2156,0.5397,0.3987,0.8637,0.7911,0.2547,0.5748
ref_00425,3.7578,0.3236,0.5617,0.3838,0.8584,0.885,0.3153,0.532
ref_00426,2.5702,0.38,0.5012,0.4905,0.7642,0.911,0.2148,0.5165
ref_00427,3.8494,0.9586,0.5951,0.4069,0.8938,0.9487,0.2798,0.506
ref_00428,3.1296,0.7012,0.518,0.4258,0.8447,0.8728,0.2565,0.5011
ref_00429,3.6648,0.4472,0.4799,0.4098,0.8718,0.7923,0.2691,0.4782
ref_00430,2.6666,1.0068,0.6625,0.4016,0.8332,0.8799,0.2775,0.5496
ref_00431,2.5328,0.0522,0.557,0.4021,0.8471,0.8955,0.293,0.5363
ref_00432,1.9156,0.049,0.6009,0.4603,0.7684,0.8759,0.2926,0.5754
ref_00433,3.1129,0.392,0.5443,0.4575,0.8355,0.883,0.3674,0.5264
ref_00434,2.9195,-0.1309,0.5423,0.4283,0.8448,0.9269,0.278,0.4535
ref_00435,2.9971,0.7918,0.5628,0.4443,0.8402,0.8062,0.2315,0.4911
ref_00436,2.8395,0.3209,0.5415,0.4045,0.8265,0.8722,0.2491,0.5237
ref_00437,3.0614,0.8586,0.5806,0.4049,0.85,0.919,0.259,0.4741
ref_00438,3.1634,1.4327,0.6467,0.3719,0.8653,0.8928,0.1649,0.5213
ref_00439,2.4941,0.2702,0.5699,0.3663,0.8007,0.8875,0.2801,0.5821
ref_00440,-2.7549,0.1471,0.5259,0.7225,0.1802,0.2788,0.3378,0.1764
ref_00441,-3.4443,-0.3455,0.5206,0.7137,0.127,0.196,0.2667,0.2298
ref_00442,-3.3195,-0.5088,0.4688,0.6672,0.1745,0.1401,0.1825,0.1179
ref_00443,-2.7703,0.1565,0.5454,0.7346,0.1604,0.2369,0.2293,0.2476
ref_00444,-2.6123,0.3664,0.508,0.7086,0.2012,0.2888,0.3545,0.2795
ref_00445,-2.831,-0.3107,0.5216,0.7125,0.1214,0.238,0.3352,0.1687
ref_00446,-4.2212,-0.7286,0.4647,0.7813,0.0457,0.2514,0.3316,0.2318
ref_00447,-4.6116,0.4637,0.4935,0.6878,0.0078,0.1507,0.1912,0.2031
ref_00448,-3.5104,0.3592,0.4756,0.6916,0.1039,0.1325,0.251,0.183
ref_00449,-2.8167,0.6719,0.5463,0.6994,0.1477,0.2887,0.3115,0.1607
ref_00450,-2.969,-0.5185,0.4865,0.7251,0.1466,0.2395,0.2005,0.1958
ref_00451,-3.0301,-0.2255,0.5242,0.7229,0.1441,0.2585,0.2571,0.1959
ref_00452,-3.8535,-0.547,0.5047,0.7468,0.0363,0.1976,0.252,0.2493
ref_00453,-3.5801,0.1421,0.4576,0.6771,0.1593,0.1676,0.2918,0.2096
ref_00454,-3.299,0.7123,0.5621,0.6981,0.1395,0.2045,0.287,0.2374
ref_00455,-3.5127,0.2084,0.5346,0.7162,0.1323,0.2314,0.3323,0.2697
ref_00456,-2.8381,0.0601,0.5822,0.6765,0.2313,0.2509,0.3227,0.261
ref_00457,-3.7295,0.3672,0.5309,0.7131,0.1271,0.201,0.2743,0.1591
ref_00458,-3.0264,-0.0588,0.5291,0.6847,0.2016,0.3017,0.3528,0.1946
ref_00459,-3.0732,0.8305,0.5508,0.7074,0.1367,0.271,0.2971,0.2353
ref_00460,-3.6516,-0.0119,0.5195,0.7183,0.1227,0.2859,0.2371,0.2709
ref_00461,-4.1577,0.1353,0.5855,0.7612,0.0782,0.2339,0.3054,0.2419
ref_00462,-3.9792,0.4191,0.5323,0.7111,0.1148,0.2166,0.2094,0.1913
ref_00463,-3.2942,0.216,0.5692,0.7011,0.1096,0.2102,0.2311,0.2404
ref_00464,-3.2686,0.6055,0.5257,0.7054,0.1391,0.3323,0.3051,0.2394
ref_00465,-4.3995,0.2041,0.5146,0.7257,0.0692,0.1314,0.3238,0.1904
ref_00466,-4.0267,-0.4847,0.4873,0.7148,0.1043,0.2099,0.2693,0.2403
ref_00467,-2.438,0.223,0.5171,0.6731,0.1699,0.2923,0.3164,0.2754
ref_00468,-2.8307,0.5198,0.4943,0.6891,0.1523,0.2019,0.3272,0.2514
ref_00469,-3.1101,-0.5759,0.4642,0.6757,0.1434,0.2708,0.2219,0.179
ref_00470,-3.2747,0.6823,0.5182,0.6866,0.1235,0.2035,0.2637,0.2355
ref_00471,-2.7755,0.5421,0.5932,0.6401,0.2088,0.2327,0.2608,0.2192
ref_00472,-2.9702,0.482,0.578,0.7447,0.1382,0.1909,0.2656,0.1649
ref_00473,-2.8865,0.6718,0.5638,0.7004,0.1777,0.3826,0.3154,0.2304
ref_00474,-3.2012,0.9919,0.5873,0.7065,0.1521,0.2998,0.3328,0.2162
ref_00475,-2.804,-0.3354,0.4922,0.699,0.1718,0.2411,0.2458,0.2315
ref_00476,-3.2883,-0.0074,0.5009,0.7196,0.1153,0.2226,0.2803,0.2312
ref_00477,-3.1262,-0.1339,0.5724,0.6821,0.2002,0.2933,0.2685,0.1467
ref_00478,-4.5545,0.1158,0.4614,0.7191,0.0328,0.111,0.2761,0.1624
ref_00479,-3.379,0.2375,0.5023,0.7097,0.1757,0.225,0.3229,0.179
ref_00480,-3.3679,-0.548,0.4583,0.7301,0.1432,0.2313,0.2504,0.1618
ref_00481,-2.9586,0.6691,0.589,0.7098,0.1651,0.3016,0.2656,0.246
ref_00482,-2.5703,0.4812,0.5007,0.7108,0.1887,0.17,0.3232,0.1531
ref_00483,-3.0691,0.0755,0.4696,0.7043,0.132,0.1785,0.2758,0.2209
ref_00484,-3.378,0.2585,0.4544,0.7382,0.1024,0.24,0.2816,0.1333
ref_00485,-3.383,0.6654,0.5123,0.7248,0.1578,0.2739,0.3062,0.1855
ref_00486,-2.5514,-0.0391,0.5295,0.6933,0.2139,0.2021,0.3157,0.2877
ref_00487,-2.6281,0.28,0.5507,0.7252,0.1543,0.2421,0.2713,0.2204
ref_00488,-3.2804,0.0961,0.5466,0.6881,0.127,0.1652,0.2195,0.1753
ref_00489,-4.1892,0.2246,0.5868,0.6838,0.0959,0.2317,0.3172,0.2598
ref_00490,-3.3889,0.299,0.5545,0.7012,0.1254,0.3399,0.3633,0.2591
ref_00491,-3.4693,-0.4979,0.4999,0.7132,0.0754,0.177,0.2052,0.211
ref_00492,-3.0705,0.6535,0.573,0.6786,0.1359,0.2782,0.3034,0.1996
ref_00493,-2.9526,-0.0087,0.5802,0.6685,0.232,0.2548,0.3074,0.2122
ref_00494,-3.1223,0.4175,0.4905,0.7242,0.0973,0.2154,0.1746,0.1775
ref_00495,-2.9377,-0.4038,0.4513,0.6832,0.1306,0.1819,0.2906,0.2225
ref_00496,-2.5511,-0.4043,0.4833,0.7316,0.1717,0.2753,0.1923,0.1686
ref_00497,-3.6833,-0.2332,0.5274,0.6821,0.1426,0.215,0.3284,0.2558
ref_00498,-3.2827,0.2073,0.5773,0.6349,0.0706,0.2154,0.2659,0.1685
ref_00499,-3.3371,0.141,0.5324,0.6874,0.1786,0.275,0.2449,0.1878
ref_00500,-4.2044,0.0535,0.5207,0.703,0.0817,0.2254,0.288,0.2701
ref_00501,-2.196,-0.2558,0.5553,0.6523,0.1924,0.1735,0.2923,0.181
ref_00502,-3.1122,-0.2679,0.4833,0.7209,0.1665,0.2638,0.2674,0.2118
ref_00503,-3.8073,-0.1333,0.4643,0.6692,0.0982,0.1233,0.197,0.1618
ref_00504,-4.1386,0.5081,0.4938,0.7025,0.0985,0.1396,0.3352,0.1986
ref_00505,-3.8686,0.035,0.554,0.6917,0.1011,0.2316,0.3182,0.1609
ref_00506,-2.0453,0.2484,0.5611,0.6811,0.2142,0.2114,0.2727,0.2561
ref_00507,-3.2534,0.2018,0.5918,0.6896,0.0782,0.3363,0.3365,0.2893
ref_00508,-3.4009,-0.8963,0.4395,0.7263,0.1528,0.2682,0.2946,0.2058
ref_00509,-3.0598,0.0082,0.5789,0.6786,0.1571,0.1938,0.2539,0.2077
ref_00510,-3.7644,-0.1416,0.5327,0.7489,0.0923,0.3389,0.2709,0.182
ref_00511,-3.3545,-0.2283,0.4644,0.7322,0.0968,0.3082,0.2885,0.1907
ref_00512,-2.2043,0.0335,0.5936,0.6968,0.1912,0.1431,0.2656,0.2983
ref_00513,-3.672,-0.7199,0.4668,0.7186,0.1397,0.1234,0.2289,0.1403
ref_00514,-2.8772,0.7559,0.5942,0.7498,0.145,0.0655,0.204,0.2038
ref_00515,-2.2594,0.8679,0.5983,0.6272,0.2402,0.2612,0.2606,0.312
ref_00516,-2.6222,-0.3457,0.5303,0.6849,0.1926,0.1727,0.2716,0.1745
ref_00517,-3.4619,0.1345,0.5911,0.6799,0.1464,0.3084,0.2998,0.1938
ref_00518,-3.5675,-0.4044,0.514,0.7726,0.0855,0.2699,0.2813,0.2155
ref_00519,-3.0987,0.7196,0.5699,0.659,0.1963,0.2518,0.3248,0.273
ref_00520,-3.0026,0.4986,0.5426,0.6737,0.1586,0.2429,0.3835,0.2318
ref_00521,-4.1743,-0.8097,0.4548,0.7492,0.0986,0.1779,0.2349,0.1587
ref_00522,-3.1126,0.3036,0.6089,0.6329,0.1647,0.2267,0.282,0.2452
ref_00523,-2.3513,-0.1004,0.5575,0.6457,0.2145,0.3987,0.3031,0.2903
ref_00524,-3.9657,0.2291,0.5384,0.7291,0.1157,0.1927,0.3497,0.2345
ref_00525,-3.835,0.6846,0.5625,0.6748,0.0714,0.2922,0.3066,0.2302
ref_00526,-2.4519,-0.3532,0.5164,0.6645,0.2279,0.3446,0.2917,0.2794
ref_00527,-2.9533,0.8209,0.5663,0.6879,0.1707,0.2695,0.2994,0.2432
ref_00528,-3.6962,0.0957,0.572,0.6924,0.0979,0.1888,0.1472,0.2547
ref_00529,-3.0434,-0.1892,0.5348,0.7229,0.1517,0.2793,0.262,0.1241
ref_00530,-3.2243,0.2589,0.4727,0.7029,0.1089,0.1534,0.2038,0.2306
ref_00531,-3.4922,0.3418,0.5282,0.6969,0.1644,0.1513,0.2597,0.1988
ref_00532,-2.5402,0.1283,0.517,0.6989,0.1575,0.2062,0.3081,0.1647
ref_00533,-3.6894,0.0001,0.5171,0.7267,0.1131,0.1672,0.2151,0.2023
ref_00534,-3.4443,0.4887,0.5085,0.7399,0.0699,0.2805,0.3087,0.1675
ref_00535,-3.749,-0.2269,0.4598,0.737,0.144,0.2234,0.2843,0.137
ref_00536,-2.1966,0.1298,0.5633,0.7073,0.2187,0.2709,0.3087,0.2279
ref_00537,-2.9995,0.5777,0.5646,0.6788,0.1483,0.2832,0.2837,0.2475
ref_00538,-3.6765,0.6879,0.5181,0.6712,0.1475,0.3211,0.3154,0.2202
ref_00539,-3.0245,-0.339,0.5401,0.6887,0.1747,0.2578,0.2861,0.2695
ref_00540,-3.082,0.3313,0.5625,0.6958,0.1783,0.2587,0.3032,0.23
ref_00541,-3.1592,0.7958,0.5429,0.6744,0.1478,0.2624,0.2967,0.3057
ref_00542,-3.8947,0.3416,0.5308,0.7366,0.1223,0.185,0.2459,0.2475
ref_00543,-3.3775,-0.4683,0.4982,0.7137,0.1245,0.1512,0.2923,0.2214
ref_00544,-3.1824,0.4925,0.5024,0.6983,0.1113,0.2772,0.2886,0.2066
ref_00545,-3.0272,0.3367,0.5595,0.7307,0.1021,0.2964,0.2902,0.2195
ref_00546,-4.0095,0.3963,0.472,0.7324,0.1041,0.3031,0.3448,0.2238
ref_00547,-2.8644,-0.1612,0.5385,0.7177,0.1265,0.1977,0.3103,0.1931
ref_00548,-3.1461,-0.1369,0.532,0.6961,0.1699,0.2285,0.3081,0.23
ref_00549,-3.1452,0.3699,0.5555,0.7121,0.119,0.254,0.311,0.1732
ref_00550,-3.6009,-0.321,0.5365,0.6693,0.1631,0.2794,0.2897,0.201
ref_00551,-3.7552,0.3816,0.5326,0.6927,0.1371,0.2126,0.251,0.2347
ref_00552,-3.1471,-0.4374,0.4852,0.6645,0.1775,0.264,0.196,0.2157
ref_00553,-3.5032,0.3539,0.5084,0.6868,0.1556,0.2534,0.2816,0.1892
ref_00554,-3.2541,0.3852,0.5664,0.7011,0.0911,0.1718,0.232,0.1996
ref_00555,-3.3128,0.6372,0.5445,0.6926,0.1905,0.2912,0.3231,0.2851
ref_00556,-2.4897,1.0527,0.5977,0.6722,0.1849,0.0838,0.2776,0.1597
ref_00557,-3.3595,0.4755,0.4876,0.6901,0.1777,0.1522,0.1816,0.2033
ref_00558,-2.895,-0.3998,0.5288,0.7428,0.1375,0.3068,0.2948,0.2285
ref_00559,-3.7385,0.1246,0.526,0.6619,0.0603,0.2098,0.2734,0.2046
ref_00560,-3.2974,0.0129,0.5928,0.6915,0.1122,0.1415,0.3037,0.2335
ref_00561,-2.9916,-0.3888,0.4875,0.7555,0.1456,0.268,0.3161,0.1836
ref_00562,-2.8559,-0.1485,0.5442,0.6829,0.215,0.2558,0.3164,0.2017
ref_00563,-2.9706,-0.2784,0.5044,0.7173,0.12,0.1898,0.3069,0.1497
ref_00564,-2.7748,-0.1469,0.5173,0.6957,0.1659,0.2244,0.323,0.2123
ref_00565,-2.6866,0.8514,0.5474,0.6678,0.2113,0.3089,0.352,0.2421
ref_00566,-3.2805,0.5256,0.5082,0.6979,0.1414,0.2311,0.3037,0.2349
ref_00567,-3.4003,0.6638,0.5527,0.6673,0.1455,0.2948,0.323,0.206
ref_00568,-2.8889,0.4624,0.4945,0.6961,0.1952,0.195,0.2807,0.1688
ref_00569,-3.0552,0.2719,0.5201,0.7072,0.1341,0.2669,0.2606,0.2145
ref_00570,-3.0224,0.7496,0.5581,0.6859,0.1677,0.2657,0.2958,0.1648
ref_00571,-2.548,-0.1987,0.5478,0.6633,0.18,0.292,0.3444,0.2913
ref_00572,-2.9723,0.2843,0.5638,0.7072,0.175,0.272,0.3094,0.1759
ref_00573,-3.3698,-0.1433,0.4952,0.7029,0.1297,0.2626,0.2699,0.2633
ref_00574,-3.5118,0.0648,0.508,0.6953,0.1536,0.2725,0.2742,0.1826
ref_00575,-3.6308,-0.3982,0.4792,0.7187,0.1095,0.2255,0.316,0.1985
ref_00576,-2.8961,-0.0474,0.5401,0.6584,0.2116,0.2748,0.2754,0.2335
ref_00577,-2.4359,0.9355,0.5689,0.6643,0.1921,0.2941,0.259,0.1975
ref_00578,-4.0575,0.8681,0.5595,0.7049,0.0918,0.2887,0.3399,0.197
ref_00579,-3.4053,-0.5165,0.5115,0.6871,0.1263,0.2763,0.2959,0.2846
ref_00580,-3.6,-0.4439,0.4902,0.7224,0.061,0.184,0.3091,0.1372
ref_00581,-2.4955,0.4706,0.5408,0.6804,0.1881,0.2683,0.3262,0.2782
ref_00582,-3.0629,-0.7219,0.4425,0.7379,0.1567,0.1342,0.2925,0.1827
ref_00583,-3.4046,0.0457,0.5168,0.7081,0.1398,0.2306,0.297,0.2311
ref_00584,-3.2909,0.3259,0.5708,0.7235,0.179,0.2019,0.3327,0.1924
ref_00585,-2.9854,0.7975,0.5384,0.6916,0.1399,0.2446,0.2473,0.227
ref_00586,-4.4166,-0.3872,0.4923,0.7086,0.0676,0.134,0.2489,0.2697
ref_00587,-3.5349,0.1615,0.5645,0.7084,0.1198,0.2598,0.2537,0.2076
ref_00588,-3.3906,0.5054,0.5534,0.695,0.1763,0.3659,0.3154,0.2505
ref_00589,-3.8846,-0.0997,0.5442,0.6923,0.1339,0.173,0.2699,0.2235
ref_00590,-3.4489,0.2701,0.5566,0.7165,0.1375,0.348,0.2884,0.2451
ref_00591,-2.8941,-0.1327,0.5145,0.7082,0.1562,0.1601,0.2713,0.1984
ref_00592,-3.9573,-0.2156,0.4592,0.7159,0.086,0.2158,0.247,0.2089
ref_00593,-2.5247,0.6249,0.5708,0.6834,0.1765,0.28,0.3274,0.3123
ref_00594,-2.8143,0.0636,0.5353,0.7116,0.1733,0.2361,0.3025,0.2374
ref_00595,-2.8831,0.2489,0.5654,0.6732,0.1679,0.2243,0.2411,0.209
ref_00596,-3.9273,-0.5278,0.5037,0.6915,0.1227,0.2612,0.2788,0.1997
ref_00597,-3.271,-0.2542,0.5569,0.7044,0.1579,0.2785,0.2874,0.2175
ref_00598,-3.3802,0.4308,0.5352,0.6971,0.1173,0.2159,0.2893,0.1827
ref_00599,-3.5191,0.1416,0.4737,0.7194,0.1537,0.2095,0.2127,0.223
ref_00600,-2.5928,0.0035,0.5527,0.6666,0.1944,0.2651,0.2969,0.2301
ref_00601,-2.8154,0.0781,0.5158,0.7106,0.1405,0.2074,0.252,0.2165
ref_00602,-4.0794,-0.237,0.4736,0.7372,0.1078,0.1274,0.2446,0.2081
ref_00603,-3.5121,0.6154,0.5522,0.689,0.1742,0.3098,0.2725,0.1949
ref_00604,-4.0926,0.3168,0.4914,0.715,0.0891,0.1804,0.3171,0.2043
ref_00605,-3.0135,0.2885,0.5349,0.6721,0.2017,0.2717,0.2581,0.1938
ref_00606,-3.3259,0.8066,0.5853,0.6842,0.1487,0.3004,0.2906,0.2002
ref_00607,-4.0305,0.228,0.5842,0.7164,0.0888,0.2275,0.2616,0.2043
ref_00608,-4.3492,0.4067,0.4815,0.7589,0.0553,0.1989,0.222,0.2481
ref_00609,-4.0775,0.6869,0.5152,0.7141,0.101,0.2019,0.2231,0.1857
ref_00610,1.8386,2.4736,0.8721,0.3693,0.7026,0.3261,0.2977,0.7187
ref_00611,1.2889,1.8751,0.838,0.4231,0.6465,0.3786,0.2992,0.7158
ref_00612,0.2592,1.262,0.7981,0.4801,0.5738,0.3481,0.2827,0.6982
ref_00613,1.5494,2.4621,0.8464,0.4115,0.6585,0.3007,0.2653,0.6821
ref_00614,0.5135,1.6456,0.8016,0.4778,0.6023,0.3109,0.2516,0.6729
ref_00615,2.3667,1.2404,0.7946,0.3819,0.7045,0.408,0.3164,0.6206
ref_00616,1.0111,2.0285,0.8431,0.3989,0.6482,0.2874,0.3041,0.7208
ref_00617,0.9084,1.5924,0.7893,0.4504,0.6332,0.2294,0.2886,0.6549
ref_00618,1.5601,2.0715,0.8642,0.4637,0.6171,0.2647,0.2852,0.5589
ref_00619,2.0895,1.5282,0.8503,0.3745,0.7126,0.3758,0.3172,0.7017
ref_00620,1.3288,1.212,0.7819,0.4569,0.5947,0.1873,0.2258,0.5742
ref_00621,0.6316,2.3025,0.8201,0.4484,0.6361,0.3173,0.2987,0.6648
ref_00622,1.0554,1.3106,0.7682,0.4703,0.5865,0.2627,0.2571,0.5896
ref_00623,1.4728,1.515,0.8,0.4172,0.6816,0.3239,0.3084,0.6484
ref_00624,1.1469,1.5232,0.8514,0.3973,0.6562,0.2905,0.2739,0.6502
ref_00625,1.7552,1.5942,0.8322,0.3802,0.7039,0.3011,0.2679,0.7127
ref_00626,1.0258,2.4173,0.8721,0.3844,0.6017,0.2368,0.3375,0.6847
ref_00627,1.4873,2.2681,0.8375,0.3731,0.6689,0.2394,0.3123,0.7605
ref_00628,1.1879,1.2275,0.8016,0.4315,0.5915,0.381,0.2954,0.6598
ref_00629,0.2818,1.9185,0.7996,0.472,0.5593,0.1958,0.2761,0.7145
ref_00630,1.3136,1.4988,0.8056,0.4173,0.6659,0.4025,0.2476,0.729
ref_00631,0.7314,1.5477,0.843,0.4087,0.6333,0.301,0.2253,0.5626
ref_00632,1.6132,2.0388,0.8108,0.4265,0.6284,0.36,0.264,0.6621
ref_00633,1.1267,1.5254,0.814,0.421,0.6617,0.3841,0.3548,0.6458
ref_00634,1.3265,1.5613,0.7702,0.4031,0.7032,0.334,0.2777,0.7224
ref_00635,0.6352,1.6246,0.7783,0.4347,0.6306,0.2339,0.2137,0.6627
ref_00636,0.2027,1.3883,0.7378,0.4205,0.5758,0.2122,0.3315,0.6643
ref_00637,0.9148,1.6679,0.801,0.4251,0.6356,0.3244,0.3221,0.6666
ref_00638,0.9702,2.0822,0.7739,0.4189,0.6092,0.3851,0.2903,0.685
ref_00639,1.1336,1.571,0.8504,0.3704,0.6738,0.3137,0.2904,0.6771
ref_00640,1.604,2.1081,0.8357,0.437,0.6868,0.3196,0.2531,0.6559
ref_00641,1.6039,2.5631,0.8881,0.3918,0.6617,0.3856,0.2703,0.7227
ref_00642,1.6872,1.5558,0.7843,0.402,0.6755,0.3971,0.2867,0.6526
ref_00643,1.5334,2.4201,0.8904,0.4031,0.6735,0.3946,0.2548,0.6758
ref_00644,1.8082,2.5568,0.849,0.3873,0.6895,0.329,0.3359,0.6336
ref_00645,1.3093,1.4885,0.8063,0.4513,0.5927,0.4598,0.2778,0.6661
ref_00646,1.3271,1.7728,0.8082,0.4417,0.6117,0.1953,0.2956,0.5958
ref_00647,0.6251,1.2586,0.788,0.4071,0.6276,0.2843,0.2856,0.7556
ref_00648,0.4427,2.1634,0.853,0.442,0.5775,0.1897,0.2661,0.686
ref_00649,1.1746,1.6424,0.8452,0.3996,0.6796,0.2472,0.2277,0.6064
ref_00650,1.6267,1.4833,0.7754,0.4169,0.6189,0.3412,0.284,0.5696
ref_00651,1.2989,1.6484,0.8282,0.4225,0.6289,0.3337,0.3391,0.7174
ref_00652,0.1343,1.7593,0.8611,0.4643,0.5767,0.3158,0.3078,0.6727
ref_00653,1.5294,2.1575,0.833,0.4099,0.6644,0.3403,0.2926,0.727
ref_00654,2.1702,2.4065,0.838,0.4165,0.6904,0.3997,0.3219,0.7276
ref_00655,1.4092,1.3514,0.816,0.4082,0.6009,0.2855,0.2129,0.6698
ref_00656,1.2109,2.0917,0.8623,0.4113,0.619,0.2462,0.2775,0.7019
ref_00657,0.1052,1.6331,0.7627,0.4485,0.573,0.3063,0.3371,0.7144
ref_00658,1.0135,1.732,0.7795,0.4503,0.6028,0.3064,0.3054,0.7284
ref_00659,1.6847,1.76,0.8087,0.4144,0.6681,0.4004,0.2898,0.7066
ref_00660,1.5713,1.7604,0.823,0.3946,0.7288,0.2749,0.1997,0.6655
ref_00661,0.9913,2.3988,0.8045,0.4056,0.6257,0.3089,0.267,0.7082
ref_00662,0.4548,2.4773,0.8311,0.4206,0.5936,0.2686,0.2762,0.6434
ref_00663,0.496,2.0816,0.7573,0.4717,0.6152,0.246,0.2991,0.6106
ref_00664,0.8026,2.4474,0.8389,0.42,0.5613,0.3242,0.288,0.6807
ref_00665,1.109,2.3567,0.8592,0.4135,0.6426,0.3833,0.3768,0.6624
ref_00666,1.3505,1.65,0.7712,0.4339,0.654,0.3757,0.1827,0.6181
ref_00667,0.6721,2.3121,0.8625,0.3968,0.6231,0.3971,0.2751,0.7332
ref_00668,1.8232,1.5806,0.8546,0.3991,0.6892,0.3188,0.3687,0.6068
ref_00669,0.3929,1.1732,0.7955,0.4429,0.5977,0.2749,0.2851,0.7
ref_00670,1.2765,1.2923,0.8099,0.3991,0.6518,0.3205,0.3187,0.646
ref_00671,0.1788,1.7885,0.7601,0.4841,0.5666,0.3301,0.2536,0.6784
ref_00672,1.3447,1.8251,0.8963,0.4248,0.6897,0.2693,0.2732,0.6502
ref_00673,0.5257,1.5787,0.8416,0.4105,0.596,0.3089,0.254,0.7233
ref_00674,1.8615,1.7226,0.8521,0.3829,0.7149,0.3784,0.2862,0.7723
ref_00675,1.5739,2.0316,0.8846,0.4296,0.6643,0.3878,0.3343,0.6295
ref_00676,1.1337,2.0547,0.8164,0.4009,0.6404,0.3532,0.2308,0.6712
ref_00677,1.2267,2.1461,0.931,0.3825,0.6646,0.2992,0.2733,0.6245
ref_00678,1.3624,1.3216,0.7914,0.4204,0.65,0.3286,0.3102,0.6683
ref_00679,1.1497,1.8643,0.863,0.3914,0.675,0.274,0.2882,0.6155
ref_00680,1.2349,2.0776,0.8442,0.3947,0.6576,0.3183,0.3299,0.6339
ref_00681,1.6539,2.5506,0.8742,0.3645,0.7103,0.3236,0.292,0.6483
ref_00682,0.8983,2.5637,0.8442,0.4304,0.6437,0.25,0.3275,0.6067
ref_00683,1.6837,2.4217,0.8052,0.4166,0.6955,0.4437,0.3163,0.6934
ref_00684,1.7103,1.5758,0.8188,0.4169,0.6713,0.3713,0.338,0.763
ref_00685,-0.1851,2.5956,0.8426,0.432,0.5291,0.3117,0.2861,0.6668
ref_00686,1.443,2.058,0.7927,0.4288,0.6227,0.3139,0.2159,0.6953
ref_00687,1.4872,2.0076,0.796,0.3897,0.6801,0.3169,0.2889,0.6353
ref_00688,1.2715,2.4686,0.8572,0.3722,0.6745,0.257,0.2208,0.6524
ref_00689,1.3023,1.7372,0.8603,0.3997,0.6815,0.3631,0.2938,0.6267
ref_00690,1.3692,2.3594,0.7975,0.4381,0.6295,0.3993,0.2553,0.6537
ref_00691,1.3061,2.0867,0.8165,0.4234,0.6536,0.3416,0.3368,0.6827
ref_00692,1.513,2.4042,0.8988,0.3967,0.711,0.3679,0.3053,0.7281
ref_00693,1.3055,1.3816,0.812,0.4469,0.6456,0.2604,0.2994,0.5945
ref_00694,1.3476,1.7552,0.836,0.4372,0.6327,0.2734,0.242,0.647
ref_00695,1.2358,2.561,0.853,0.4078,0.6801,0.3713,0.222,0.7689
ref_00696,0.2091,1.0193,0.7568,0.4638,0.5619,0.3188,0.3026,0.6469
ref_00697,0.7785,1.7422,0.8042,0.4691,0.6302,0.2934,0.2693,0.6661
ref_00698,1.2258,2.0059,0.7733,0.4121,0.6515,0.2439,0.2742,0.6686
ref_00699,1.4546,1.6741,0.8447,0.4312,0.6815,0.3136,0.2418,0.7049
ref_00700,2.6109,2.1738,0.8447,0.4137,0.7268,0.3156,0.3196,0.6685
ref_00701,1.8459,1.8502,0.8224,0.3585,0.6708,0.375,0.2177,0.6892
ref_00702,1.3632,1.9336,0.8844,0.4122,0.7137,0.3503,0.2656,0.7578
ref_00703,2.3763,1.7103,0.8766,0.3736,0.6975,0.3281,0.2564,0.6777
ref_00704,1.6142,2.3971,0.8027,0.418,0.6428,0.4312,0.3465,0.6225
ref_00705,1.7574,2.5847,0.8459,0.4098,0.6665,0.3785,0.3252,0.6624
ref_00706,2.1729,2.1755,0.856,0.3797,0.7067,0.3082,0.3096,0.7095
ref_00707,1.0704,1.8559,0.8545,0.4445,0.6328,0.3358,0.3163,0.6498
ref_00708,1.3712,1.8054,0.8489,0.4136,0.6278,0.421,0.261,0.639
ref_00709,2.0727,1.617,0.7916,0.373,0.6846,0.3918,0.2294,0.7454
ref_00710,1.4542,2.3422,0.7982,0.3992,0.6514,0.1453,0.2939,0.7038
ref_00711,0.995,1.8063,0.8027,0.4177,0.6079,0.2611,0.2297,0.6514
ref_00712,1.7684,1.686,0.7895,0.4103,0.6882,0.2332,0.1799,0.7288
ref_00713,0.5528,1.6267,0.7522,0.4359,0.5582,0.3199,0.2834,0.5718
ref_00714,2.2192,1.5874,0.8255,0.3852,0.6867,0.417,0.2883,0.6488
ref_00715,2.265,2.1885,0.8501,0.3777,0.7695,0.3276,0.3282,0.7315
ref_00716,1.2534,1.311,0.7861,0.468,0.648,0.3273,0.2076,0.6721
ref_00717,1.2766,1.349,0.7937,0.4443,0.6102,0.3613,0.2651,0.6578
ref_00718,2.3299,2.2638,0.7808,0.3632,0.7802,0.1843,0.2419,0.6827
ref_00719,0.5951,1.6169,0.806,0.414,0.618,0.3769,0.3167,0.6572
ref_00720,0.5942,1.026,0.7665,0.4927,0.6109,0.307,0.303,0.6255
ref_00721,1.2809,2.083,0.7907,0.4023,0.6206,0.2724,0.2456,0.5823
ref_00722,1.893,2.1004,0.8507,0.411,0.6484,0.3273,0.2798,0.67
ref_00723,1.857,2.1831,0.7806,0.4085,0.6757,0.3545,0.2467,0.718
ref_00724,1.0931,2.0911,0.8344,0.3883,0.6712,0.2568,0.3008,0.6668
ref_00725,2.232,1.0641,0.7735,0.3897,0.7221,0.2981,0.2234,0.6323
ref_00726,1.7775,1.5663,0.8027,0.3979,0.7237,0.2952,0.2672,0.7339
ref_00727,2.0956,2.4114,0.8262,0.4046,0.7123,0.3169,0.3015,0.7116
ref_00728,2.969,1.5828,0.8469,0.3516,0.7708,0.3232,0.3172,0.7048
ref_00729,1.0938,2.016,0.8058,0.394,0.6582,0.2701,0.2846,0.6623
ref_00730,1.004,2.379,0.8405,0.4355,0.6365,0.3102,0.2994,0.6279
ref_00731,2.3291,2.1563,0.8641,0.3753,0.7051,0.2937,0.3135,0.6769
ref_00732,1.2223,1.4652,0.8204,0.4258,0.6977,0.2537,0.3079,0.6364
ref_00733,2.1661,1.6759,0.7954,0.4099,0.682,0.3369,0.2984,0.6366
ref_00734,1.7648,1.7446,0.8578,0.4166,0.7089,0.3147,0.3015,0.67
ref_00735,0.8146,2.3596,0.8006,0.4253,0.6376,0.2979,0.2947,0.6245
ref_00736,1.5289,2.0581,0.8834,0.3945,0.6371,0.1672,0.2363,0.6721
ref_00737,0.7316,2.2492,0.8413,0.3847,0.6034,0.3104,0.3193,0.6229
ref_00738,2.2699,1.8353,0.8318,0.3482,0.7093,0.3222,0.268,0.6752
ref_00739,1.0593,1.9982,0.8154,0.3939,0.6209,0.3688,0.2501,0.6575
ref_00740,1.8078,2.3133,0.8326,0.4104,0.6902,0.4149,0.2882,0.6004
ref_00741,0.312,1.3613,0.7608,0.4604,0.5735,0.2908,0.3286,0.6872
ref_00742,1.8911,1.7991,0.7918,0.4298,0.6477,0.3314,0.2716,0.6932
ref_00743,1.5572,1.7036,0.8302,0.4151,0.6756,0.3926,0.3174,0.6275
ref_00744,0.9626,1.8695,0.7814,0.4397,0.6674,0.2131,0.3222,0.5881
ref_00745,1.5625,1.4441,0.793,0.4269,0.6175,0.3375,0.2433,0.6541
ref_00746,1.3305,2.1442,0.8433,0.3947,0.6615,0.2989,0.2085,0.649
ref_00747,2.1837,1.9033,0.8729,0.3703,0.7047,0.3658,0.2932,0.7179
ref_00748,1.9786,1.7299,0.834,0.4132,0.7214,0.4068,0.3111,0.6778
ref_00749,1.5924,1.4666,0.833,0.4604,0.6171,0.3068,0.3157,0.6677
ref_00750,0.8387,2.4187,0.8059,0.4683,0.5337,0.3047,0.2996,0.6513
ref_00751,0.644,2.3612,0.8541,0.4307,0.6269,0.3634,0.3056,0.6447
ref_00752,1.6372,1.8456,0.7845,0.3846,0.6631,0.1014,0.2161,0.6851
ref_00753,1.0457,2.1818,0.8033,0.3966,0.645,0.1872,0.2458,0.7102
ref_00754,2.0611,2.1112,0.7982,0.4103,0.6858,0.3313,0.2585,0.7465
ref_00755,0.6266,1.4556,0.8142,0.4571,0.5967,0.1849,0.2587,0.6226
ref_00756,0.9407,1.6579,0.8688,0.4249,0.6012,0.2281,0.2916,0.6182
ref_00757,1.2856,2.1573,0.8264,0.4316,0.65,0.444,0.3187,0.7001
ref_00758,1.0525,2.6736,0.8678,0.4257,0.6391,0.4089,0.2943,0.6642
ref_00759,2.2093,1.5631,0.8566,0.3779,0.6945,0.308,0.323,0.8052
ref_00760,1.0419,1.6451,0.832,0.4189,0.6589,0.3876,0.2448,0.6927
ref_00761,0.0835,2.0556,0.8037,0.4253,0.5491,0.3369,0.2891,0.6761
ref_00762,1.2312,2.3003,0.7834,0.3862,0.6258,0.1902,0.1807,0.6309
ref_00763,2.1237,2.0312,0.852,0.3893,0.6778,0.3598,0.204,0.6877
ref_00764,1.9024,2.1781,0.7684,0.4203,0.6605,0.3475,0.2825,0.7229
ref_00765,0.9387,1.9058,0.8083,0.4014,0.6434,0.2604,0.3177,0.6673
ref_00766,1.1138,2.3588,0.8212,0.451,0.6229,0.2136,0.2838,0.654
ref_00767,1.5794,2.547,0.8267,0.4408,0.665,0.2207,0.249,0.6541
ref_00768,1.2087,1.3372,0.7574,0.4604,0.609,0.2611,0.2633,0.6265
ref_00769,0.5768,2.2649,0.8365,0.398,0.6304,0.3277,0.2707,0.7236
ref_00770,2.1432,1.7459,0.7894,0.4084,0.6804,0.3386,0.2071,0.697
ref_00771,1.0804,2.2759,0.8212,0.4014,0.6595,0.2821,0.265,0.6917
ref_00772,1.7638,2.0057,0.8167,0.4264,0.697,0.369,0.2977,0.7593
ref_00773,0.7255,1.6495,0.8078,0.4643,0.5739,0.2753,0.3206,0.6922
ref_00774,1.779,1.5826,0.7774,0.4439,0.633,0.1831,0.2721,0.6769
ref_00775,1.3572,1.6102,0.8457,0.4174,0.6388,0.2795,0.2722,0.6853
ref_00776,1.1872,2.0464,0.8103,0.3777,0.5726,0.3471,0.2997,0.67
ref_00777,1.0268,1.7685,0.848,0.3977,0.6692,0.2993,0.2722,0.6853
ref_00778,1.4214,2.4392,0.8468,0.4062,0.7031,0.3156,0.3008,0.7094
ref_00779,1.5932,2.4269,0.8592,0.4189,0.6271,0.183,0.2222,0.627
ref_00780,2.6224,2.8109,0.8787,0.3795,0.729,0.3799,0.3259,0.771
ref_00781,1.1288,1.0678,0.7262,0.4281,0.6656,0.3149,0.2532,0.7112
ref_00782,1.0353,1.814,0.7861,0.3966,0.6027,0.4214,0.2003,0.7235
ref_00783,2.1068,2.0984,0.7753,0.3844,0.7215,0.2507,0.2822,0.6698
ref_00784,0.3086,2.5603,0.8357,0.4351,0.5957,0.2736,0.2764,0.6604
ref_00785,1.5463,2.5716,0.8351,0.3862,0.7066,0.3512,0.3259,0.6914
ref_00786,1.2957,1.684,0.794,0.3898,0.695,0.4159,0.2176,0.7676
ref_00787,1.9557,2.6934,0.8525,0.392,0.6777,0.3813,0.2556,0.7251
ref_00788,0.8948,1.8004,0.8212,0.4481,0.6134,0.2575,0.2722,0.6566
ref_00789,0.8539,1.903,0.7743,0.4065,0.5924,0.2703,0.2395,0.5611
ref_00790,1.0122,2.9355,0.8972,0.4148,0.6049,0.3044,0.3197,0.7092
ref_00791,1.0758,1.6923,0.7545,0.4396,0.6391,0.3219,0.2921,0.6547
ref_00792,0.9146,1.8228,0.7676,0.4327,0.6316,0.3488,0.3049,0.6572
ref_00793,1.503,1.6506,0.7846,0.4008,0.6737,0.2917,0.2815,0.7248
ref_00794,1.5846,2.0693,0.8382,0.418,0.7202,0.3539,0.2958,0.6891
ref_00795,1.4183,2.6402,0.8447,0.3882,0.6344,0.3194,0.263,0.6001
ref_00796,0.9618,1.0211,0.7162,0.4604,0.6407,0.3741,0.3048,0.6314
ref_00797,1.0905,2.0593,0.8096,0.4524,0.5998,0.3168,0.3086,0.6973
ref_00798,0.6776,1.334,0.8165,0.4417,0.6287,0.3534,0.291,0.6363
ref_00799,-0.2991,2.2522,0.8072,0.4809,0.51,0.0765,0.231,0.5612
ref_00800,1.0235,0.8727,0.7258,0.4525,0.5952,0.3138,0.2509,0.6458
ref_00801,1.244,2.3971,0.8638,0.3784,0.6946,0.3229,0.31,0.7585
ref_00802,1.0858,2.2932,0.8084,0.4268,0.6412,0.2475,0.2828,0.6515
ref_00803,0.9861,1.9738,0.7558,0.3859,0.645,0.3435,0.2419,0.6353
ref_00804,0.9456,1.3394,0.7936,0.4247,0.6222,0.3127,0.2858,0.6201
ref_00805,1.3543,2.0611,0.8622,0.4296,0.6597,0.2133,0.2379,0.6906
ref_00806,2.6224,2.3434,0.8563,0.3851,0.7377,0.4295,0.3642,0.6865
ref_00807,1.9406,2.4099,0.8941,0.3596,0.6824,0.3377,0.285,0.6757
ref_00808,1.5165,2.3734,0.877,0.4235,0.6539,0.3839,0.3142,0.6973
ref_00809,0.7706,2.2073,0.8222,0.4374,0.6376,0.3258,0.294,0.6179
ref_00810,1.1087,2.1076,0.8447,0.422,0.6407,0.36,0.3139,0.6529
ref_00811,1.1536,2.34,0.8333,0.429,0.598,0.3419,0.297,0.679
ref_00812,0.5266,1.3431,0.8047,0.4423,0.6027,0.2359,0.2931,0.6342
ref_00813,2.1195,1.5939,0.8193,0.4515,0.6736,0.1646,0.2222,0.6847
ref_00814,1.0171,1.4118,0.8061,0.4638,0.6203,0.3871,0.2709,0.5908
ref_00815,1.5583,1.1418,0.7746,0.4519,0.6446,0.3357,0.2807,0.71
ref_00816,0.9426,2.0098,0.7635,0.3931,0.6187,0.322,0.3541,0.6463
ref_00817,1.6896,1.804,0.8123,0.4094,0.6382,0.3356,0.3107,0.6278
ref_00818,1.3954,1.7575,0.752,0.4105,0.6552,0.317,0.2821,0.7331
ref_00819,1.6808,1.4415,0.8113,0.409,0.7207,0.3804,0.2582,0.6663
ref_00820,2.7984,1.8636,0.8294,0.4031,0.7462,0.2651,0.2595,0.6633
ref_00821,2.1772,1.49,0.8287,0.4037,0.7072,0.4581,0.3046,0.6876
ref_00822,1.644,2.2227,0.825,0.4103,0.6707,0.4263,0.3143,0.6574
ref_00823,1.406,2.367,0.8416,0.4002,0.6471,0.3786,0.2692,0.6535
ref_00824,1.5499,1.6857,0.8537,0.4143,0.6471,0.4302,0.2724,0.6891
ref_00825,1.4679,2.0294,0.8455,0.4183,0.6388,0.3938,0.2838,0.7308
ref_00826,1.3609,2.4232,0.8518,0.4006,0.5907,0.3644,0.2706,0.6362
ref_00827,1.6243,1.7334,0.8231,0.3961,0.6529,0.2663,0.2914,0.7175
ref_00828,0.1994,2.1115,0.8242,0.4453,0.5835,0.3474,0.3211,0.7352
ref_00829,1.6542,1.6342,0.8407,0.3849,0.6419,0.3124,0.2908,0.7134
ref_00830,3.7234,2.8867,0.9549,0.0604,0.9034,0.212,0.1772,0.8613
ref_00831,3.8502,2.4555,0.8924,0.0434,0.9426,0.314,0.1764,0.8228
ref_00832,2.9901,2.1759,0.882,0.0696,0.8793,0.2993,0.1647,0.8337
ref_00833,3.073,2.4144,0.8796,0.119,0.8988,0.3082,0.1922,0.8045
ref_00834,3.6627,2.1079,0.9204,0.0411,0.9135,0.2817,0.1633,0.9159
ref_00835,3.0928,2.8773,0.8946,0.1287,0.859,0.2349,0.1386,0.863
ref_00836,3.9186,2.838,0.9272,0.0549,0.9293,0.2633,0.1848,0.9068
ref_00837,3.3084,2.0394,0.9314,0.0713,0.8856,0.2809,0.1248,0.8843
ref_00838,3.9081,2.1347,0.8824,0.0629,0.9117,0.2018,0.2245,0.8743
ref_00839,3.5198,2.7992,0.9521,0.0467,0.9499,0.2048,0.1682,0.8781
ref_00840,4.2123,2.2101,0.9369,0.0197,0.948,0.1981,0.0909,0.794
ref_00841,3.3669,2.0132,0.9264,0.089,0.898,0.2739,0.1602,0.8739
ref_00842,4.3245,2.6563,0.8942,0.0315,0.9357,0.3147,0.2062,0.8328
ref_00843,4.3334,1.9457,0.8228,0.0785,0.9409,0.1565,0.089,0.834
ref_00844,4.2979,2.1166,0.9161,0.0283,0.9632,0.2021,0.1705,0.7973
ref_00845,4.0748,2.4482,0.938,0.0689,0.928,0.1523,0.1093,0.8827
ref_00846,3.778,2.4181,0.9916,0.0628,0.8966,0.2495,0.2035,0.8705
ref_00847,2.9439,2.7852,0.928,0.0876,0.8864,0.2692,0.1866,0.8973
ref_00848,4.3741,3.126,0.9641,0.0596,0.9272,0.2415,0.1378,0.9273
ref_00849,3.8486,2.6727,0.8994,0.073,0.8788,0.2803,0.1893,0.8573
ref_00850,3.1165,2.7744,0.9271,0.1008,0.9006,0.2986,0.1846,0.7962
ref_00851,4.6097,2.1196,0.9075,0.0285,0.9624,0.2988,0.1771,0.8241
ref_00852,3.9616,1.9007,0.8969,0.0629,0.8866,0.1444,0.1685,0.8964
ref_00853,3.5318,2.5994,0.9088,0.0771,0.8698,0.2322,0.1726,0.8091
ref_00854,3.6891,2.2127,0.9637,0.1001,0.8938,0.2251,0.1372,0.8888
ref_00855,4.6355,2.1053,0.8849,0.0313,0.9517,0.2159,0.1695,0.899
ref_00856,4.1209,2.5992,0.9073,0.1033,0.9141,0.2555,0.1238,0.8088
ref_00857,4.3603,2.8269,0.9142,0.0429,0.9549,0.3465,0.2092,0.8801
ref_00858,3.9046,2.1104,0.9376,0.0473,0.9014,0.1815,0.1456,0.9271
ref_00859,3.4071,2.419,0.8786,0.0696,0.8983,0.1723,0.1648,0.8977
ref_00860,3.0049,2.4288,0.8757,0.1217,0.8868,0.3082,0.1625,0.8828
ref_00861,4.1781,1.6412,0.8717,0.0902,0.9885,0.2628,0.1322,0.934
ref_00862,3.7483,1.8308,0.8969,0.0744,0.8752,0.2314,0.1389,0.8901
ref_00863,4.4422,2.8994,0.9587,0.0672,0.9365,0.2882,0.1611,0.8472
ref_00864,3.5934,2.2114,0.9186,0.0554,0.8841,0.2843,0.1323,1.0
ref_00865,3.1411,2.5945,0.8512,0.1171,0.8255,0.2034,0.1588,0.8821
ref_00866,3.0829,2.2458,0.8588,0.1241,0.8226,0.2307,0.1661,0.8523
ref_00867,3.3075,2.8377,0.9103,0.0926,0.8855,0.3315,0.1748,0.8554
ref_00868,3.2293,2.8184,0.9312,0.0652,0.9175,0.1297,0.1477,0.8506
ref_00869,4.394,2.4032,0.9216,0.0259,0.9604,0.2501,0.2042,0.9033
ref_00870,3.5565,2.5509,0.8893,0.0593,0.9506,0.2817,0.1384,0.8488
ref_00871,3.5517,2.3719,0.9573,0.0739,0.9209,0.2804,0.1645,0.7841
ref_00872,3.528,2.3008,0.8455,0.0671,0.8379,0.2374,0.1481,0.8451
ref_00873,2.7079,3.2739,0.9535,0.0541,0.8633,0.2578,0.1099,0.8506
ref_00874,3.3522,2.6785,0.8737,0.0407,0.9228,0.3183,0.1614,0.8406
ref_00875,3.2872,2.8502,0.9769,0.0342,0.9066,0.2915,0.2343,0.8983
ref_00876,3.8561,1.9926,0.9241,0.1052,0.8958,0.2756,0.1722,0.8897
ref_00877,3.6214,1.9689,0.913,0.0759,0.9185,0.2827,0.1872,0.8503
ref_00878,3.5381,2.2005,0.919,0.1106,0.8839,0.3708,0.1644,0.9389
ref_00879,3.1728,2.0332,0.8638,0.1136,0.9047,0.1353,0.0869,0.8908
ref_00880,3.2726,2.1697,0.8899,0.052,0.9051,0.1948,0.1755,0.8372
ref_00881,3.8116,2.6927,0.9354,0.0693,0.8773,0.2378,0.1689,0.8712
ref_00882,3.9799,2.8822,0.9002,0.0318,0.9815,0.2836,0.1644,0.9391
ref_00883,2.2301,2.1586,0.8551,0.0634,0.7841,0.1335,0.2211,0.8537
ref_00884,4.0346,1.7439,0.8778,0.086,0.9291,0.2706,0.2007,0.8903
ref_00885,4.215,3.2827,0.9795,0.0,0.919,0.1439,0.15,0.8738
ref_00886,3.0254,1.9741,0.875,0.1187,0.8881,0.3226,0.2156,0.9034
ref_00887,2.9303,2.735,0.9072,0.0867,0.8919,0.2518,0.2142,0.9272
ref_00888,4.4387,2.3495,0.9333,0.0312,0.9791,0.198,0.1945,0.9423
ref_00889,4.2928,2.6355,0.9506,0.0805,0.9424,0.3081,0.2002,0.8276
ref_00890,3.8941,3.1949,0.9871,0.0629,0.8778,0.397,0.1844,0.8815
ref_00891,3.4236,2.4965,0.9092,0.0843,0.9306,0.3748,0.1881,0.9646
ref_00892,3.2893,1.9259,0.8694,0.0237,0.8859,0.3046,0.141,0.8927
ref_00893,4.3781,2.4369,0.9095,0.0989,0.9205,0.2954,0.1403,0.925
ref_00894,3.5082,2.7872,0.916,0.0493,0.9225,0.284,0.1414,0.8839
ref_00895,3.944,2.2148,0.8442,0.1024,0.8802,0.2768,0.0969,0.8645
ref_00896,3.613,2.1219,0.8995,0.0901,0.8732,0.2841,0.2007,0.8315
ref_00897,3.177,2.5658,0.9233,0.0635,0.8692,0.304,0.0,0.8199
ref_00898,3.3776,2.5215,0.8555,0.0571,0.9387,0.3076,0.1484,0.9236
ref_00899,2.8394,3.0052,0.9432,0.0739,0.8777,0.2786,0.1872,0.8678
ref_00900,4.4844,1.7584,0.8751,0.0903,0.932,0.2559,0.1747,0.8522
ref_00901,4.0338,2.5486,0.8531,0.0746,0.9337,0.1137,0.1365,0.8113
ref_00902,4.0649,3.1946,0.9682,0.0133,0.9785,0.1904,0.1524,0.9706
ref_00903,4.3099,2.3057,0.8807,0.0438,0.948,0.1672,0.1293,0.9055
ref_00904,4.1966,2.7603,0.9038,0.0519,0.9396,0.2929,0.189,0.8944
ref_00905,2.6776,3.0188,0.9847,0.0169,0.8406,0.1795,0.1223,0.8487
ref_00906,2.249,2.4152,0.961,0.0366,0.8165,0.1134,0.1379,0.7606
ref_00907,4.0885,2.5256,0.9159,0.0591,0.9359,0.2966,0.1544,0.8684
ref_00908,3.3356,2.6827,0.9268,0.0787,0.8712,0.2932,0.124,0.8385
ref_00909,4.0295,3.0196,0.9055,0.0591,1.0,0.3282,0.1517,0.8983
ref_00910,3.2871,2.2712,0.875,0.072,0.8331,0.191,0.1386,0.878
ref_00911,3.3424,2.0454,0.8821,0.109,0.8748,0.3555,0.134,0.783
ref_00912,3.3825,2.581,0.9271,0.108,0.8828,0.2994,0.1654,0.8959
ref_00913,3.9397,3.2487,0.9509,0.0876,0.9308,0.3209,0.2095,0.8691
ref_00914,2.6359,2.4761,0.861,0.1019,0.8558,0.2075,0.1602,0.7953
ref_00915,4.0755,3.0307,0.9608,0.0549,0.9291,0.2356,0.1922,0.9222
ref_00916,4.5258,2.86,0.9255,0.0244,0.9763,0.2428,0.1475,0.9126
ref_00917,3.884,2.6282,0.9339,0.0604,0.9787,0.3201,0.1885,0.9303
ref_00918,4.3623,2.9092,0.8956,0.0575,0.9334,0.3168,0.1642,0.92
ref_00919,3.9288,2.935,0.9568,0.0487,0.9078,0.2117,0.1981,0.828
ref_00920,3.0892,1.9538,0.9053,0.0468,0.84,0.2549,0.1714,0.8628
ref_00921,3.2984,2.455,0.921,0.0668,0.8367,0.1212,0.1574,0.7925
ref_00922,2.9225,2.6632,0.952,0.0335,0.8751,0.266,0.1479,0.9402
ref_00923,3.2173,2.6049,0.926,0.0828,0.8663,0.144,0.1347,0.8438
ref_00924,3.3782,2.8695,0.9183,0.056,0.9036,0.3357,0.1491,0.9127
ref_00925,4.8361,2.2787,0.9353,0.0729,0.9824,0.256,0.2021,0.9452
ref_00926,3.5085,2.7908,0.9167,0.086,0.9373,0.3202,0.1517,0.8253
ref_00927,3.4652,2.3912,0.8718,0.0461,0.8337,0.2701,0.1736,0.9892
ref_00928,3.6215,2.5749,0.9055,0.0664,0.8907,0.3545,0.1989,0.8148
ref_00929,3.9303,1.8518,0.8816,0.0704,0.876,0.3732,0.2151,0.8861
ref_00930,2.6784,2.3001,0.885,0.052,0.8627,0.3579,0.1191,0.8739
ref_00931,3.3913,2.0643,0.9369,0.0629,0.9422,0.2067,0.1192,0.9192
ref_00932,4.1679,2.444,0.9025,0.0316,0.9595,0.2935,0.1394,0.8984
ref_00933,4.2305,2.4662,0.9063,0.0545,0.9208,0.2912,0.2017,0.8613
ref_00934,3.8045,2.6514,0.9035,0.0813,0.882,0.233,0.1431,0.9152
ref_00935,3.4587,1.9273,0.8885,0.0336,0.9393,0.2131,0.1794,0.8675
ref_00936,3.2838,2.7987,0.9369,0.0565,0.9097,0.3624,0.1767,0.8482
ref_00937,3.3206,2.401,0.9553,0.0599,0.8582,0.2109,0.1599,0.776
ref_00938,3.1136,2.6951,0.868,0.065,0.9121,0.3294,0.2077,0.8286
ref_00939,3.3233,2.6814,0.9525,0.0209,0.8632,0.294,0.1523,0.8399
ref_00940,3.8006,2.168,0.9273,0.045,0.8937,0.2513,0.2145,0.8664
ref_00941,3.5482,1.9474,0.8216,0.0517,0.9223,0.3443,0.1654,0.8994
ref_00942,3.7178,3.0461,0.9355,0.0811,0.9299,0.2278,0.2038,0.861
ref_00943,3.8093,2.9853,0.949,0.0325,0.9717,0.2822,0.2476,0.8319
ref_00944,3.1522,1.7453,0.8853,0.0718,0.9061,0.2836,0.1417,0.8018
ref_00945,2.5217,2.0806,0.9452,0.0844,0.8215,0.3134,0.1976,0.8893
ref_00946,3.8036,2.8579,0.9406,0.0311,0.9511,0.2585,0.1474,0.8438
ref_00947,3.402,3.0363,0.9501,0.0858,0.8622,0.265,0.1093,0.8658
ref_00948,2.9893,2.4203,0.9281,0.0614,0.8494,0.3032,0.1447,0.8733
ref_00949,4.3833,2.2471,0.8747,0.0517,0.9364,0.3414,0.1987,0.9918
ref_00950,4.2152,2.6693,0.9131,0.0558,0.916,0.2392,0.1618,0.9377
ref_00951,3.4779,2.3708,0.898,0.0791,0.9207,0.3098,0.2213,0.8563
ref_00952,3.1974,2.37,0.9066,0.0394,0.9019,0.3132,0.1222,0.9004
ref_00953,3.3014,2.7205,0.9008,0.0972,0.9089,0.3222,0.1675,0.8624
ref_00954,3.894,1.9581,0.8782,0.0615,0.9607,0.2246,0.195,0.8524
ref_00955,3.7671,3.213,0.9363,0.0473,0.9641,0.2336,0.1702,0.95
ref_00956,3.4019,2.8837,0.9305,0.0781,0.8771,0.2838,0.1558,0.8615
ref_00957,4.4741,2.689,0.9662,0.0633,0.9979,0.295,0.2155,0.9788
ref_00958,4.2997,3.2926,0.9602,0.0222,0.9559,0.3357,0.0987,0.9063
ref_00959,3.509,2.5796,0.9754,0.0676,0.8992,0.2503,0.2003,0.8912
ref_00960,3.3141,2.9225,0.9603,0.0332,0.8685,0.3345,0.1076,0.8719
ref_00961,4.1979,2.6839,0.9536,0.0046,0.9114,0.2032,0.1727,0.9629
ref_00962,3.8487,3.0361,0.9174,0.0904,0.8754,0.2249,0.2104,0.8907
ref_00963,4.0609,2.6412,0.8615,0.0613,0.9049,0.27,0.1439,0.9036
ref_00964,3.4402,2.7219,0.9691,0.1024,0.8782,0.2547,0.1703,0.8921
ref_00965,4.0221,2.5583,0.9206,0.0348,0.8924,0.1936,0.1802,0.8673
ref_00966,3.3539,2.766,0.9396,0.0673,0.9283,0.1964,0.1864,0.8185
ref_00967,4.0964,1.7128,0.8615,0.0678,0.9284,0.2746,0.1349,0.8754
ref_00968,3.1726,2.5441,0.9179,0.0973,0.8316,0.221,0.1745,0.7689
ref_00969,3.3722,2.5682,0.9403,0.0523,0.928,0.271,0.1404,0.8232
ref_00970,3.1449,2.5867,0.9079,0.0639,0.9151,0.2474,0.2267,0.8608
ref_00971,3.437,1.9381,0.8275,0.0318,0.9024,0.1797,0.1432,0.7945
ref_00972,3.6235,2.6681,0.9339,0.0418,0.8899,0.2374,0.2085,0.864
ref_00973,3.1339,2.465,0.983,0.0501,0.8831,0.3351,0.1776,0.8688
ref_00974,3.769,2.3325,0.943,0.0777,0.9559,0.3487,0.1602,0.863
ref_00975,4.1292,2.8911,0.936,0.038,0.9521,0.2349,0.1134,0.9586
ref_00976,3.2968,3.0355,0.9358,0.0411,0.8983,0.2792,0.1345,0.908
ref_00977,3.6854,2.2763,0.9625,0.054,0.974,0.1877,0.1381,0.9005
ref_00978,3.5611,3.3096,0.9664,0.0769,0.8636,0.2511,0.1723,0.8272
ref_00979,4.1677,3.4088,0.9765,0.0228,0.9251,0.2851,0.1458,0.9105
ref_00980,3.1469,3.3379,0.9684,0.0815,0.9056,0.215,0.1711,0.9552
ref_00981,4.4099,2.2995,0.9652,0.0921,0.9519,0.2698,0.1668,0.8394
ref_00982,3.3557,3.152,0.9435,0.0926,0.8651,0.3085,0.175,0.8923
ref_00983,3.7995,3.3016,0.9696,0.1057,0.8741,0.371,0.1993,0.9092
ref_00984,3.3099,2.5594,0.9216,0.026,0.9008,0.2989,0.185,0.8493
ref_00985,4.4209,3.1302,0.9482,0.0063,0.9599,0.311,0.1493,0.894
ref_00986,3.7595,2.8486,0.9839,0.0348,0.9615,0.2954,0.151,0.9335
ref_00987,2.5878,2.4853,0.9178,0.0669,0.7713,0.3297,0.1187,0.8036
ref_00988,4.1486,2.9654,0.9006,0.044,0.948,0.2156,0.1627,0.9103
ref_00989,3.4823,3.3408,0.9671,0.0818,0.8643,0.4087,0.1922,0.8529
ref_00990,3.5616,2.5853,0.9139,0.0943,0.8949,0.3408,0.1559,0.867
ref_00991,4.0832,2.9925,0.9682,0.0311,0.9411,0.277,0.1735,0.9199
ref_00992,2.846,2.6649,0.8785,0.1017,0.7922,0.2511,0.1882,0.8597
ref_00993,3.9932,2.7464,0.92,0.0627,0.9756,0.2352,0.1393,0.9043
ref_00994,4.2681,2.4896,0.9842,0.0264,0.9453,0.3457,0.1888,0.8321
ref_00995,3.4767,2.7966,0.9813,0.0307,0.925,0.2274,0.2148,0.9394
ref_00996,4.317,2.8961,0.9296,0.044,0.9781,0.3344,0.1897,0.9045
ref_00997,3.9358,2.5988,0.913,0.067,0.9108,0.2499,0.1979,0.9727
ref_00998,4.2083,1.9256,0.9193,0.0249,0.9256,0.3052,0.1082,0.8294
ref_00999,4.2584,2.1498,0.9227,0.0333,0.9123,0.3359,0.2005,0.8418
ref_01000,2.5394,1.6205,0.8671,0.103,0.8464,0.3454,0.1686,0.9379
ref_01001,3.8146,2.0707,0.8813,0.0791,0.8727,0.2908,0.1405,0.8227
ref_01002,4.115,2.4465,0.946,0.0506,0.9049,0.3204,0.1594,0.9617
ref_01003,4.4677,2.2988,0.9023,0.0649,0.9374,0.2611,0.1642,0.8591
ref_01004,3.2374,2.2605,0.9102,0.054,0.8644,0.2071,0.157,0.8202
ref_01005,3.6904,2.7436,0.9489,0.0368,0.9428,0.2412,0.1949,0.9112
ref_01006,3.1393,3.4176,0.9714,0.0744,0.9026,0.2694,0.2234,0.8272
ref_01007,3.5277,2.1726,0.9007,0.0756,0.9141,0.2228,0.1786,0.8985
ref_01008,3.5099,2.3562,0.9387,0.0621,0.859,0.2375,0.1794,0.951
ref_01009,2.7681,1.8617,0.8797,0.073,0.8249,0.2228,0.1365,0.8922
ref_01010,3.7686,1.8282,0.8877,0.0478,0.8545,0.2334,0.1809,0.8895
ref_01011,3.4426,2.8299,0.9184,0.035,0.8922,0.3032,0.1812,0.9245
ref_01012,3.2084,2.7823,0.9231,0.0128,0.8424,0.2514,0.1611,0.8205
ref_01013,4.0017,2.8138,0.9291,0.0504,0.8989,0.2878,0.1385,0.8965
ref_01014,3.1004,2.3419,0.9074,0.072,0.8748,0.2501,0.1511,0.8322
ref_01015,2.8883,2.4447,0.8177,0.0967,0.8811,0.4074,0.2382,0.8176
ref_01016,2.9317,2.1942,0.9618,0.0773,0.8378,0.3442,0.1692,0.7666
ref_01017,3.7248,1.8756,0.8971,0.0876,0.8856,0.243,0.0922,0.8799
ref_01018,4.7956,2.4828,0.909,0.0187,0.9901,0.3251,0.1535,0.8976
ref_01019,4.7695,2.4988,0.9045,0.0462,0.9891,0.211,0.1274,0.9257
ref_01020,4.3758,2.2082,0.8765,0.0601,0.9662,0.3706,0.1967,0.9039
ref_01021,3.4728,3.131,0.9586,0.0578,0.9438,0.2773,0.1564,0.8781
ref_01022,3.5473,1.8462,0.8798,0.1065,0.8732,0.3366,0.2135,0.8555
ref_01023,2.8807,2.4279,0.9145,0.0466,0.875,0.272,0.1686,0.8616
ref_01024,2.5781,2.3894,0.8918,0.0841,0.8451,0.2446,0.1701,0.8211
ref_01025,4.0521,2.7866,0.9088,0.0748,0.9344,0.3238,0.2,0.8374
ref_01026,3.7541,2.3773,0.9455,0.0433,0.9637,0.3362,0.191,0.8837
ref_01027,3.694,2.6974,0.9167,0.0612,0.8653,0.2769,0.1769,0.8391
ref_01028,3.8988,2.6746,0.9453,0.0086,0.9633,0.2093,0.1425,0.9079
ref_01029,3.9173,1.8461,0.9016,0.1008,0.8715,0.1901,0.1135,0.9506
ref_01030,3.3068,2.3043,0.9102,0.0735,0.8429,0.196,0.1676,0.899
ref_01031,4.0349,2.7371,0.8567,0.0661,0.9226,0.3458,0.2036,0.8065
ref_01032,2.9863,2.1495,0.8771,0.0472,0.8686,0.2828,0.1499,0.9161
ref_01033,3.643,2.4638,0.9561,0.0475,0.8506,0.2327,0.146,0.8981
ref_01034,3.2221,2.0032,0.9332,0.088,0.8286,0.27,0.1465,0.908
ref_01035,3.99,2.0472,0.8807,0.0738,0.9474,0.3198,0.1631,0.8438
ref_01036,3.2117,1.7361,0.8812,0.0432,0.8779,0.2856,0.1391,0.8597
ref_01037,4.1104,2.4719,0.9083,0.1005,0.8966,0.3037,0.1579,0.8575
ref_01038,4.3041,2.7371,0.9272,0.0575,0.9117,0.2724,0.157,0.8995
ref_01039,3.6266,2.8484,0.8903,0.0827,0.9357,0.2622,0.1804,0.8452
ref_01040,4.3646,1.9015,0.8926,0.0521,0.9408,0.3531,0.1975,0.8434
ref_01041,3.6767,2.4837,0.942,0.0728,0.9185,0.3229,0.1827,0.8573
ref_01042,3.9691,2.696,0.9563,0.0133,0.9301,0.1859,0.0864,0.9043
ref_01043,3.7275,2.7213,0.9743,0.0265,0.9519,0.1551,0.1361,0.8176
ref_01044,3.683,2.3853,0.9697,0.0353,0.9605,0.2141,0.1489,0.8749
ref_01045,3.7258,2.389,0.9179,0.0643,0.9157,0.2205,0.068,0.8316
ref_01046,3.7079,2.6073,0.9286,0.053,0.8682,0.2299,0.1837,0.8574
ref_01047,3.5464,2.2677,0.915,0.0429,0.9191,0.3121,0.1412,0.9516
ref_01048,3.8545,2.8857,0.8967,0.0718,0.904,0.2183,0.0741,0.8933
ref_01049,4.3601,1.9202,0.8935,0.054,0.9246,0.3098,0.1882,0.8898
ref_01050,3.514,2.1934,0.8459,0.0765,0.8964,0.3056,0.1513,0.803
ref_01051,3.2872,1.7828,0.8542,0.0369,0.9257,0.2727,0.155,0.8364
ref_01052,3.9482,3.0334,1.0,0.0216,0.882,0.2659,0.1757,0.8848
ref_01053,2.2497,1.7127,0.8538,0.1043,0.7889,0.2057,0.1534,0.8597
ref_01054,3.9,2.079,0.8774,0.0545,0.9121,0.2346,0.128,0.861
ref_01055,2.691,2.2127,0.9191,0.0897,0.8515,0.2551,0.0953,0.7736
ref_01056,3.3743,2.0924,0.8632,0.0789,0.909,0.3389,0.1829,0.8637
ref_01057,3.0742,1.8097,0.8968,0.1111,0.8849,0.2724,0.1733,0.8556
ref_01058,3.7105,3.2221,0.9639,0.081,0.8707,0.3565,0.2123,0.8687
ref_01059,3.4088,2.5497,0.8611,0.086,0.9086,0.2626,0.1162,0.9139
ref_01060,3.8088,2.4919,0.9093,0.0428,0.9068,0.2386,0.1795,0.957
ref_01061,3.8705,3.3333,0.9725,0.0404,0.9488,0.2271,0.1837,0.8875
ref_01062,2.8514,2.7329,0.9112,0.0857,0.851,0.4405,0.1884,0.8595
ref_01063,3.6166,2.7577,0.938,0.0498,0.9451,0.3066,0.213,0.883
ref_01064,3.8308,2.2247,0.9184,0.0636,0.9359,0.3515,0.1763,0.8522
ref_01065,4.0573,2.7056,0.8927,0.0929,0.9064,0.3205,0.2041,0.8935
ref_01066,3.2667,3.0358,0.9438,0.0524,0.8444,0.3123,0.1102,0.8696
ref_01067,4.1421,2.2095,0.9236,0.0908,0.9197,0.3008,0.1588,0.8118
ref_01068,3.6204,1.4743,0.8314,0.1015,0.8755,0.3041,0.182,0.8729
ref_01069,4.6577,2.1751,0.9508,0.023,0.9694,0.2652,0.1594,0.936
ref_01070,3.5391,2.4997,0.888,0.0948,0.9526,0.2409,0.1595,0.9141
ref_01071,3.6759,1.98,0.9278,0.0967,0.8552,0.263,0.206,0.9221
ref_01072,4.0663,2.6567,0.9305,0.0433,0.8883,0.3172,0.1789,0.8666
ref_01073,3.2674,3.2201,0.9535,0.0533,0.8874,0.2753,0.0989,0.8749
ref_01074,2.8561,1.8053,0.8884,0.1039,0.8555,0.2975,0.1715,0.852
ref_01075,4.3447,3.212,0.9389,0.0558,0.974,0.368,0.22,0.8858
ref_01076,3.835,2.2829,0.9187,0.0946,0.8865,0.3073,0.214,0.9143
ref_01077,3.4004,2.2736,0.8932,0.0885,0.9036,0.2009,0.1681,0.9224
ref_01078,3.6056,2.9753,0.9171,0.0472,0.9398,0.2054,0.1634,0.8157
ref_01079,4.2742,2.9832,0.9516,0.0617,0.928,0.3729,0.164,0.8582
ref_01080,4.6368,2.2886,0.919,0.0888,0.9487,0.3612,0.1788,0.851
ref_01081,3.4085,2.3199,0.8869,0.0648,0.8712,0.3139,0.167,0.8031
ref_01082,2.4546,2.5778,0.9608,0.0301,0.8339,0.2523,0.1516,0.8751
ref_01083,3.4125,2.8656,0.9555,0.0376,0.9363,0.3083,0.1397,0.7084
ref_01084,3.5871,2.6391,0.9188,0.0304,0.9493,0.2316,0.1286,0.8407
ref_01085,3.8547,1.7134,0.864,0.1074,0.8734,0.3569,0.1671,0.8629
ref_01086,4.0803,2.2647,0.9133,0.0647,0.9031,0.2889,0.207,0.8811
ref_01087,3.529,2.5032,0.9235,0.0807,0.9373,0.3025,0.1521,0.9015
ref_01088,3.4794,1.9586,0.9073,0.0588,0.9222,0.2926,0.1614,0.8756
ref_01089,4.8159,2.7682,0.9336,0.0304,0.9914,0.3197,0.2181,0.8937
ref_01090,-0.0881,5.8183,0.6769,0.4056,0.5343,0.2324,0.9286,0.576
ref_01091,1.257,5.4176,0.6727,0.3855,0.6888,0.3172,0.9359,0.6516
ref_01092,1.5404,5.3722,0.6113,0.4482,0.6204,0.237,0.9191,0.6078
ref_01093,1.8907,5.7063,0.7378,0.425,0.6682,0.2081,0.9056,0.5989
ref_01094,0.9982,5.985,0.7373,0.42,0.5939,0.3126,0.8927,0.5762
ref_01095,1.2478,5.6554,0.7547,0.4317,0.6201,0.2968,0.9534,0.6019
ref_01096,1.1497,5.5664,0.6364,0.4408,0.6195,0.3007,0.8992,0.6562
ref_01097,2.2487,5.5803,0.7304,0.4096,0.6892,0.1364,0.888,0.625
ref_01098,0.5198,6.4564,0.7331,0.3774,0.6029,0.2556,0.917,0.6329
ref_01099,1.4153,5.6063,0.7218,0.3686,0.6676,0.1585,0.9191,0.6755
ref_01100,1.5478,5.712,0.7304,0.4233,0.6948,0.1898,0.965,0.5744
ref_01101,1.4039,6.2727,0.735,0.4217,0.6041,0.2735,0.9402,0.5633
ref_01102,1.0674,6.2652,0.7216,0.3917,0.6629,0.2177,0.9412,0.5678
ref_01103,0.8102,5.686,0.7245,0.3962,0.6238,0.0436,0.8928,0.5834
ref_01104,2.1044,6.1576,0.6915,0.3936,0.6692,0.2392,0.921,0.5954
ref_01105,1.7729,5.8308,0.6688,0.4097,0.6436,0.2376,0.9392,0.5505
ref_01106,1.6397,5.0372,0.6733,0.4021,0.658,0.2968,0.9729,0.579
ref_01107,1.552,4.7751,0.6385,0.4217,0.6171,0.2084,0.943,0.5673
ref_01108,0.2299,5.9297,0.6959,0.4487,0.549,0.2785,1.0,0.5025
ref_01109,1.421,5.925,0.7393,0.3955,0.6432,0.289,0.9181,0.6557
ref_01110,0.9249,5.585,0.7441,0.4039,0.6472,0.218,0.8958,0.542
ref_01111,1.611,6.51,0.7458,0.4591,0.6281,0.2499,0.9613,0.5846
ref_01112,0.1511,5.6767,0.6887,0.4408,0.5619,0.2573,0.9396,0.5549
ref_01113,1.2507,6.0703,0.7298,0.4097,0.6881,0.2394,0.9261,0.6585
ref_01114,1.5229,5.986,0.7201,0.4104,0.6187,0.337,0.9508,0.5461
ref_01115,1.5518,5.6488,0.688,0.4521,0.6437,0.1542,0.9794,0.5619
ref_01116,1.707,6.0904,0.6975,0.4102,0.6751,0.3046,0.9464,0.6057
ref_01117,1.0349,5.2725,0.6215,0.4619,0.6102,0.1068,0.9561,0.4852
ref_01118,1.422,6.3586,0.7711,0.3737,0.7013,0.3402,0.8912,0.6378
ref_01119,0.5611,6.4103,0.7632,0.392,0.6127,0.2483,0.978,0.5838
ref_01120,2.062,5.96,0.6821,0.3805,0.6712,0.291,0.9152,0.53
ref_01121,0.9517,5.3716,0.6942,0.4154,0.5801,0.0273,0.9166,0.5098
ref_01122,0.9802,5.196,0.7099,0.4498,0.6448,0.255,0.9552,0.6035
ref_01123,1.5261,6.5119,0.7385,0.4228,0.6231,0.3224,0.8962,0.572
ref_01124,1.2262,5.7742,0.6843,0.4582,0.6191,0.2563,0.8772,0.4861
ref_01125,1.0807,5.4107,0.6694,0.4151,0.6058,0.2169,0.9088,0.6008
ref_01126,0.8148,6.4676,0.7463,0.4329,0.5723,0.2273,0.9566,0.6488
ref_01127,1.4564,5.7435,0.7092,0.3947,0.6417,0.2478,0.9191,0.6367
ref_01128,1.4702,5.9716,0.6869,0.4284,0.6118,0.2131,0.9507,0.6159
ref_01129,2.4623,6.272,0.7316,0.382,0.7471,0.3413,0.9439,0.5545
ref_01130,0.639,5.5562,0.7187,0.4161,0.6102,0.1743,0.9552,0.5355
ref_01131,2.0731,5.025,0.6863,0.3913,0.6805,0.2672,0.9607,0.498
ref_01132,1.1867,5.6628,0.7464,0.3779,0.6853,0.2067,0.9158,0.612
ref_01133,1.4954,6.3119,0.7028,0.4396,0.6623,0.2471,0.9554,0.5919
ref_01134,1.0321,5.4874,0.6693,0.3877,0.6457,0.245,0.9499,0.6339
ref_01135,0.9706,6.004,0.6781,0.402,0.6196,0.2931,0.9277,0.6068
ref_01136,1.0744,5.0368,0.6451,0.4464,0.6103,0.301,0.9167,0.5699
ref_01137,0.6847,5.1214,0.701,0.4329,0.5764,0.2817,0.957,0.5859
ref_01138,1.3417,5.3773,0.7135,0.4099,0.6708,0.2522,0.9557,0.5211
ref_01139,2.0968,5.6866,0.7529,0.4213,0.6835,0.3046,0.9542,0.6154
ref_01140,0.4014,5.6887,0.7227,0.4073,0.6037,0.2941,0.9507,0.573
ref_01141,1.4137,5.6313,0.6909,0.4255,0.5991,0.1773,0.9287,0.503
ref_01142,0.7781,5.5508,0.7523,0.4106,0.6043,0.2963,0.9291,0.5906
ref_01143,0.2694,5.8556,0.7118,0.4089,0.5954,0.2818,0.9574,0.567
ref_01144,1.1672,6.2122,0.7521,0.3978,0.6959,0.2194,0.9537,0.6174
ref_01145,1.5704,6.1153,0.7293,0.3987,0.6174,0.2705,0.9467,0.6378
ref_01146,1.3016,5.5277,0.7089,0.4178,0.6199,0.2599,0.9664,0.5975
ref_01147,0.8473,5.9336,0.7107,0.4106,0.6229,0.3785,0.9435,0.5524
ref_01148,0.7863,5.2047,0.6716,0.3903,0.6529,0.249,0.9034,0.5763
ref_01149,0.9063,5.8434,0.6941,0.4058,0.6492,0.3027,0.9671,0.5954
ref_01150,1.0255,6.3769,0.7252,0.4232,0.5803,0.2569,0.922,0.5597
ref_01151,0.6737,5.3985,0.6696,0.3909,0.627,0.1986,0.9658,0.4839
ref_01152,1.1165,5.241,0.6024,0.421,0.5925,0.2386,0.973,0.6063
ref_01153,0.5076,6.3442,0.7202,0.4244,0.5858,0.2082,0.9564,0.5722
ref_01154,1.7954,5.9822,0.6993,0.4213,0.6831,0.2086,0.9271,0.5915
ref_01155,1.4635,6.4659,0.7455,0.3505,0.6386,0.3235,0.9609,0.6426
ref_01156,1.0932,5.5497,0.7268,0.43,0.6516,0.1205,0.9082,0.6069
ref_01157,0.9801,4.7549,0.6367,0.4389,0.6275,0.2831,0.9632,0.6479
ref_01158,0.3927,5.4481,0.6907,0.4945,0.5784,0.2428,0.9337,0.5663
ref_01159,1.1435,5.7116,0.6543,0.4474,0.5617,0.0669,0.9406,0.5964
ref_01160,0.671,5.6508,0.6575,0.4429,0.6064,0.225,0.9438,0.5826
ref_01161,1.359,5.5419,0.7736,0.3479,0.663,0.2237,0.9471,0.5763
ref_01162,1.1602,6.0794,0.7087,0.4138,0.6401,0.1953,0.9397,0.5879
ref_01163,1.6829,5.2829,0.7245,0.3804,0.7028,0.1811,0.9301,0.6649
ref_01164,1.6786,4.9993,0.6783,0.4378,0.6796,0.2686,0.9726,0.5809
ref_01165,1.4402,5.0559,0.6698,0.4065,0.6399,0.2134,0.913,0.4674
ref_01166,0.3262,6.2259,0.7012,0.4422,0.5885,0.242,0.9414,0.5941
ref_01167,2.223,5.1583,0.6945,0.3632,0.6853,0.3087,0.9644,0.6493
ref_01168,1.1862,5.8293,0.7287,0.4391,0.6176,0.1796,0.9425,0.5298
ref_01169,0.9574,4.9666,0.6228,0.3919,0.5918,0.2399,0.9199,0.594
ref_01170,1.2349,6.0714,0.7128,0.4491,0.6311,0.2802,0.9464,0.6287
ref_01171,0.6839,5.7541,0.6994,0.428,0.5934,0.1058,0.898,0.5878
ref_01172,1.6694,5.6025,0.733,0.4239,0.6411,0.2727,0.9554,0.5371
ref_01173,0.1356,5.9032,0.7114,0.4185,0.5666,0.12,0.9252,0.6044
ref_01174,1.1689,5.5322,0.7236,0.3906,0.6946,0.2673,0.9166,0.668
ref_01175,1.8247,5.2646,0.6806,0.3679,0.6964,0.2123,0.9463,0.5878
ref_01176,1.3997,5.93,0.7175,0.3975,0.6163,0.2664,0.9254,0.6444
ref_01177,1.3397,5.6818,0.7071,0.4303,0.6396,0.289,0.9567,0.5747
ref_01178,1.3222,6.0136,0.7435,0.3523,0.6977,0.1553,0.9214,0.606
ref_01179,1.4537,6.288,0.7534,0.3826,0.7048,0.2549,0.9126,0.6626
ref_01180,1.0747,5.554,0.6878,0.4234,0.6109,0.3972,0.9368,0.5402
ref_01181,1.5158,6.4547,0.7581,0.3971,0.6427,0.0784,0.9381,0.5653
ref_01182,1.5435,6.4572,0.7548,0.3706,0.69,0.237,0.9575,0.5697
ref_01183,1.7111,4.9642,0.6696,0.4234,0.6474,0.2294,0.9354,0.6359
ref_01184,1.6137,5.5421,0.7504,0.4197,0.7074,0.37,0.9238,0.576
ref_01185,1.5031,6.1101,0.672,0.4033,0.637,0.2645,0.9739,0.5917
ref_01186,0.3308,5.9324,0.6477,0.4518,0.5946,0.2437,0.9295,0.6194
ref_01187,1.1347,5.5341,0.6597,0.4336,0.6072,0.1827,0.9453,0.5577
ref_01188,0.7853,5.6986,0.6644,0.4289,0.5982,0.239,0.9818,0.5755
ref_01189,0.362,5.1598,0.6426,0.4311,0.5871,0.0912,0.9024,0.5382
ref_01190,0.7325,6.0863,0.6829,0.4325,0.5876,0.3065,0.9512,0.6457
ref_01191,0.3968,6.3291,0.7194,0.4026,0.563,0.2201,0.9257,0.6678
ref_01192,0.9393,6.3837,0.739,0.4362,0.6034,0.2874,0.9217,0.5426
ref_01193,1.3163,5.0932,0.6712,0.411,0.6188,0.2889,0.9444,0.6191
ref_01194,0.6594,5.0869,0.6952,0.4672,0.611,0.1473,0.8697,0.5263
ref_01195,1.7943,5.0913,0.6671,0.3782,0.6731,0.2138,0.9468,0.6616
ref_01196,1.115,6.3325,0.7107,0.404,0.5754,0.2149,0.8991,0.6214
ref_01197,0.3225,5.3107,0.7316,0.4036,0.577,0.1146,0.9455,0.5981
ref_01198,0.8545,5.2993,0.702,0.4359,0.6124,0.2379,0.959,0.5673
ref_01199,1.5656,5.0999,0.5985,0.4022,0.6806,0.2275,0.9259,0.6009
